id,domain,status,purchase_price,renewal_price,attractiveness,demand,length,registrar,created_at,expires_at,status_verified_at
5fd71faf-a033-49bf-9549-8acabd96db28,hebrew.storage,available,509.99,529.99,high,low,6,namesilo,,,21/08/2026 05:43
eecc5e9c-df59-4d97-bd2b-d6a2b77a86fb,kang.storage,available,500.2,500.2,medium,low,4,cloudflare,,,28/09/2026 11:38
4b4db6ee-01fd-40f4-a4be-178d17479786,overrated.storage,available,509.99,529.99,medium,low,10,namesilo,,,18/09/2026 11:36
fd49da2b-d80f-435e-927b-ef5404549aed,hypo.storage,available,509.99,529.99,high,low,4,namesilo,,,21/08/2026 17:15
8b494cf6-9a1f-4000-a794-f8fd941f5918,ennead.storage,available,509.99,529.99,medium,low,6,namesilo,,,
b27889e9-7f0d-4b0c-a8ff-d70270712fbd,humanist.storage,available,509.99,529.99,high,low,8,namesilo,,,21/08/2026 14:50
5a1abf5c-bfb9-4a26-a117-e84543acf506,parsimony.storage,available,509.99,529.99,medium,low,9,namesilo,,,08/09/2026 14:39
eb7ed548-ddd9-431f-96c7-6d1d922fa318,captain.storage,available,509.99,529.99,high,low,7,namesilo,,,27/09/2026 06:59
7d2c543b-2f8f-4578-b913-31fa31022dd6,keenan.storage,available,509.99,529.99,high,low,6,namesilo,,,28/09/2026 22:23
9f9acb85-f803-4962-9267-d170b99a5309,lawyer.storage,available,465.95,500.2,high,low,6,spaceship,,,28/09/2026 23:08
6ce6eaa2-c41f-4aa8-be53-438b096c5933,volute.storage,available,509.99,529.99,medium,low,6,namesilo,,,12/08/2026 16:14
1d91410a-7ce3-4813-a11c-fa660c1275e3,alpine.storage,available,509.99,529.99,high,medium,6,namesilo,,,
90cc85ae-2ea4-47aa-ad79-a15c4b4fc188,victorian.storage,available,509.99,529.99,high,low,9,namesilo,,,27/09/2026 05:38
6198e51d-5934-4cb7-a6f1-e3dd48dc1c0c,unshielded.storage,available,538.98,858,medium,low,10,namecheap,,,12/09/2026 19:49
3ce8012c-7510-4b40-b369-d8a2673b44e7,smuggled.storage,available,538.98,858,medium,low,8,namecheap,,,22/09/2026 21:31
0ba0962d-8a56-4305-8769-fd71ad493979,confused.storage,available,509.99,529.99,high,low,8,namesilo,,,07/08/2026 12:02
46476a28-e72a-4b04-ac44-71a68792f229,brag.storage,available,509.99,529.99,high,low,4,namesilo,,,23/09/2026 00:49
f00e9c2f-e0d3-456c-b0e4-1bd69e2957e5,loading.storage,available,538.98,858,high,low,7,namecheap,,,24/09/2026 12:57
b2e77e5f-fc3d-435a-9cf0-829c21b6e378,closeness.storage,available,509.99,529.99,high,low,9,namesilo,,,24/09/2026 15:57
646072dd-7e02-44f2-9f41-24deba1de159,assume.storage,available,538.98,858,high,low,6,namecheap,,,27/09/2026 08:58
04c25712-35ee-488d-9cb8-bb480fc97365,armistice.storage,available,538.98,858,medium,low,9,namecheap,,,20/09/2026 07:13
d141ccb9-386c-4ca7-9765-5fb593ee5c74,giant.storage,available,509.99,529.99,high,low,5,namesilo,,,24/09/2026 13:50
105af195-3720-4697-b7dc-c7580542fc1a,anticipated.storage,available,509.99,529.99,high,low,11,namesilo,,,08/09/2026 14:34
ffa9e65a-92b4-4121-b251-22051954943e,grassy.storage,available,538.98,858,high,low,6,namecheap,,,20/08/2026 18:20
2566b1ed-d122-4708-a1e4-f1a1b82b9ed8,turgid.storage,available,538.98,858,medium,low,6,namecheap,,,10/08/2026 18:07
0271f8ae-fdcc-4170-bde6-cde04302bce8,feline.storage,available,509.99,529.99,high,low,6,namesilo,,,18/08/2026 00:53
e9197b68-83e5-4b18-80a1-6c0e6686be8e,amun.storage,available,538.98,858,medium,low,4,namecheap,,,18/09/2026 18:29
402aa324-5ae9-42c7-b899-5afe1e6f51c1,contented.storage,available,538.98,858,high,low,9,namecheap,,,23/09/2026 21:58
cefe1aa3-5af2-41ef-b01e-4bda0862d728,ampere.storage,available,509.99,529.99,high,low,6,namesilo,,,18/09/2026 23:06
8d4445ec-c5da-48e2-89bb-78966d1f43c9,consumers.storage,available,465.95,500.2,medium,low,9,spaceship,,,29/09/2026 02:36
dc16ba6d-cd9d-4d0c-af76-9d43ce528298,extremist.storage,available,538.98,858,medium,low,9,namecheap,,,17/08/2026 19:32
c9cbb8ac-347d-4e52-8fd3-afa50171e051,sweet.storage,available,515.45,515.45,high,low,5,porkbun,,,28/09/2026 15:21
9080ff26-f122-4ee6-a618-43a39b72ba1a,sickly.storage,available,538.98,858,high,low,6,namecheap,,,
3a3e39a2-73dd-404d-8d05-1e6efe1b21e7,mmr.storage,available,509.99,529.99,high,low,3,namesilo,,,
76888f83-bd62-43e5-a4ed-be09704dd96c,nan.storage,available,799,,high,low,3,name.com,,,
d5b18b84-74f5-4e70-b12f-8cfc563037d1,bastard.storage,available,509.99,529.99,medium,low,7,namesilo,,,08/08/2026 23:19
4727bb4c-c3d9-480a-850e-9db3f03b0a67,whips.storage,available,509.99,529.99,medium,low,5,namesilo,,,17/09/2026 19:42
611aa1b9-da72-4b42-9c28-307adbec6878,pumps.storage,available,465.95,500.2,medium,low,5,spaceship,,,28/09/2026 17:44
f63e94a1-dc73-45ae-bc9e-b200fa217a92,why.storage,available,509.99,529.99,high,low,3,namesilo,,,25/09/2026 10:59
fd911194-b37f-441f-9bd7-a0c0932a4290,cursory.storage,available,509.99,529.99,medium,low,7,namesilo,,,13/08/2026 11:41
ebfe3d13-c009-48f1-a39e-82ea9da6e92c,bendable.storage,available,509.99,529.99,high,low,8,namesilo,,,09/08/2026 14:07
540075fa-67aa-430c-8f4d-3ed60efbec74,mutable.storage,available,509.99,529.99,high,low,7,namesilo,,,12/08/2026 01:50
c1c3d339-8b6f-48cc-b266-adb1f71b7417,ixc.storage,available,538.98,858,medium,low,3,namecheap,,,
d3eb3397-d8f8-443d-83ce-4cf2b685b731,complex.storage,available,538.98,858,high,low,7,namecheap,,,23/09/2026 17:35
33555a74-19df-4be0-b6d6-5cd578b990e0,jeep.storage,available,509.99,529.99,high,medium,4,namesilo,,,
1c1424ff-deb8-49a5-86c5-794a12ee963f,fatless.storage,available,509.99,529.99,medium,low,7,namesilo,,,17/08/2026 23:27
70590e7d-25ce-4b98-92bd-acf6870c064d,oklahoman.storage,available,509.99,529.99,medium,low,9,namesilo,,,16/09/2026 05:05
2c2b76ce-1e7e-458b-92d4-a9e11215ac6a,carve.storage,available,799,949.99,high,low,5,name.com,,,13/08/2026 12:51
1dca2bff-a22c-4c99-bc45-b74a25dfbf2b,bilbao.storage,available,509.99,529.99,medium,low,6,namesilo,,,29/09/2026 03:44
ab8c20b9-fbb8-45dd-a772-c8d9a39dc3b2,carrot.storage,available,509.99,529.99,high,low,6,namesilo,,,29/09/2026 00:20
d3d84d6b-58c3-46c2-a0e5-eacadcf51cd9,hunger.storage,available,509.99,529.99,high,low,6,namesilo,,,
3c8e65e1-e22b-4172-a701-d1f4ccc5d8f8,monster.storage,available,538.98,858,high,high,7,namecheap,,,23/09/2026 03:25
3f95e672-7920-4a94-8e98-eb2cd1a4b64e,borne.storage,available,509.99,529.99,medium,low,5,namesilo,,,
2f340aa9-bcec-4b89-8105-2fddae38a8ca,hancock.storage,available,509.99,529.99,high,low,7,namesilo,,,25/09/2026 06:51
0fe318c3-7349-42a6-9f0e-943fb1a88388,technicality.storage,available,509.99,529.99,high,low,12,namesilo,,,
bda5c24e-cdfc-4741-b6f5-ecbf7a0802c3,stabbed.storage,available,500.2,500.2,low,low,7,cloudflare,,,28/09/2026 00:02
527b92c2-3ec0-434e-933a-1c77f58daaaf,avignon.storage,available,538.98,858,medium,low,7,namecheap,,,21/09/2026 09:35
2ec692d7-8300-4665-aaaa-1078a9b2a4af,bullish.storage,available,538.98,858,high,low,7,namecheap,,,23/09/2026 10:43
ab50c808-2432-4ed7-9cfe-ccab5e51a686,mormon.storage,available,509.99,529.99,high,low,6,namesilo,,,25/08/2026 06:33
2f5d6240-9d4f-4997-a92e-9dac968b2a03,treating.storage,available,538.98,858,medium,low,8,namecheap,,,28/09/2026 08:47
18355cd5-aba0-4f9a-9009-d7d119578fa9,demoralize.storage,available,509.99,529.99,medium,low,10,namesilo,,,13/08/2026 02:16
d77ead4a-9e33-4b33-b79e-f0190d0acf02,lasts.storage,available,465.95,500.2,low,low,5,spaceship,,,28/09/2026 09:03
69b1e6b4-5ad5-45ae-9931-d076aad44892,cheque.storage,available,538.98,858,high,low,6,namecheap,,,22/09/2026 02:22
d7d1bc63-5af2-4ed2-b935-e946dc58858c,echoless.storage,available,509.99,529.99,medium,low,8,namesilo,,,14/08/2026 23:38
efbea484-9201-4f45-8092-0c7c871b8e27,grief.storage,available,509.99,529.99,high,low,5,namesilo,,,24/09/2026 10:39
0955917c-d8f5-4636-ac15-f5bf7ddb0221,angora.storage,available,509.99,529.99,high,low,6,namesilo,,,19/09/2026 07:06
b931cdfe-725a-4a3a-9d3b-c2d5215e444b,goldbrick.storage,available,509.99,529.99,medium,low,9,namesilo,,,20/08/2026 16:29
13b1bab5-44b0-421b-b06b-83378b75f548,arcella.storage,available,509.99,529.99,medium,low,7,namesilo,,,20/09/2026 01:41
54348750-ef65-4665-8384-924aa3dcc51a,resulted.storage,available,509.99,529.99,medium,low,8,namesilo,,,19/09/2026 00:26
ccb51bba-8ab0-46f5-b395-37dcb64e828f,glossy.storage,available,509.99,529.99,high,low,6,namesilo,,,11/08/2026 14:10
ce31efc5-2649-4de2-9e66-e349a75adb91,scrapper.storage,available,509.99,529.99,medium,low,8,namesilo,,,09/08/2026 13:35
8a027159-7852-4570-b0b5-78944474e7c6,tour.storage,available,509.99,529.99,high,low,4,namesilo,,,24/09/2026 22:26
47cd0341-e803-41a9-899b-40891190789f,straying.storage,available,509.99,529.99,medium,low,8,namesilo,,,10/09/2026 22:14
7b3ad6ed-a172-42f7-9219-d79b032bd581,miotic.storage,available,509.99,529.99,medium,low,6,namesilo,,,25/08/2026 01:00
512dbddb-0939-4da4-b61b-d2653f4e70ba,obscenely.storage,available,509.99,529.99,medium,low,9,namesilo,,,15/09/2026 11:14
06e0585c-8893-4635-ae2b-ac76fd7636c3,tofu.storage,available,538.98,858,high,low,4,namecheap,,,22/09/2026 20:09
81bb19ce-63be-4ca7-98e3-bda80bd665d0,abruzzi.storage,available,509.99,529.99,medium,low,7,namesilo,,,16/09/2026 17:28
8cb9895e-71f4-410d-bf2b-67c36db4da38,sidewalks.storage,available,509.99,529.99,medium,low,9,namesilo,,,21/09/2026 06:21
846920c3-4db1-44b6-8a46-ea6f5f0581f6,beaver.storage,available,509.99,529.99,high,low,6,namesilo,,,22/09/2026 22:29
deadaeaf-9dc9-42e0-96a9-f547dc84987e,soothes.storage,available,509.99,529.99,medium,low,7,namesilo,,,20/09/2026 05:20
478a2fa8-fb2a-4a4f-bcd7-df321844218c,pompon.storage,available,799,949.99,medium,low,6,name.com,,,19/09/2026 09:36
d0741835-212a-44f3-b602-91d945b284f1,thud.storage,available,509.99,529.99,medium,low,4,namesilo,,,11/09/2026 15:12
f92eed0f-964a-4c13-b136-6a75054021eb,justices.storage,available,509.99,529.99,medium,low,8,namesilo,,,20/09/2026 11:20
e795f148-db37-479e-a830-5adc80a05857,nonesuch.storage,available,538.98,858,medium,low,8,namecheap,,,03/09/2026 20:13
00381c61-576c-4cc0-90b6-1a534b1fd339,gastropod.storage,available,509.99,529.99,medium,low,9,namesilo,,,12/09/2026 14:04
6ee8955c-003d-4037-b589-889619371467,pray.storage,available,509.99,529.99,high,low,4,namesilo,,,
edcbf8e5-1cfa-4828-a275-599a3256421b,passable.storage,available,509.99,529.99,high,low,8,namesilo,,,24/09/2026 16:16
e41099b1-095e-47cf-8cca-611785ffd241,dentate.storage,available,509.99,529.99,medium,low,7,namesilo,,,14/08/2026 01:57
48b41633-c562-451c-82ae-3b620b621944,fern.storage,available,509.99,529.99,high,low,4,namesilo,,,29/09/2026 00:53
c748d507-772f-43ff-9a34-6608b0669efb,oneself.storage,available,509.99,529.99,high,low,7,namesilo,,,
af883996-2213-4acc-a698-6f65092144ff,peggy.storage,available,509.99,529.99,high,low,5,namesilo,,,25/09/2026 13:02
42dc446c-fa3d-4509-86d2-1faef9b66465,baking.storage,available,538.98,858,high,low,6,namecheap,,,22/09/2026 16:25
376b6040-7096-4c4e-98b2-4c20db7c596b,bouffant.storage,available,538.98,858,high,low,8,namecheap,,,10/08/2026 21:32
124a5198-28c4-4152-843f-69373b9fef5a,manpower.storage,available,509.99,529.99,high,low,8,namesilo,,,28/09/2026 14:49
afc4fb52-0366-4f2c-9c03-8f8c07ff4f5b,jubilant.storage,available,509.99,529.99,high,low,8,namesilo,,,17/08/2026 19:46
73a91dd5-235b-47c9-b3ad-6803a229695f,pepsi.storage,available,509.99,529.99,high,low,5,namesilo,,,
d714dd70-f366-4a74-946a-1af194e40997,luther.storage,available,509.99,529.99,high,low,6,namesilo,,,25/09/2026 23:29
beb04cb1-6e7c-45b0-bb01-f68eac5aedb5,blindly.storage,available,509.99,529.99,medium,low,7,namesilo,,,14/09/2026 00:21
dfec7283-96df-4910-80c6-b0b00acbb3d4,consideration.storage,available,538.98,858,high,low,13,namecheap,,,28/09/2026 04:23
aaec096b-f2d6-4c41-8dca-51251b7ec0e8,integral.storage,available,538.98,858,high,low,8,namecheap,,,23/09/2026 10:33
f9d5042b-3e81-4170-9b33-1392791944f0,scalar.storage,available,509.99,529.99,high,low,6,namesilo,,,09/09/2026 22:16
8e753ea1-bef4-493c-886d-6f41e3e99f33,chip.storage,available,509.99,529.99,high,low,4,namesilo,,,24/09/2026 01:56
0f8a724a-fc8e-49fe-aad0-54fed0f60f47,struggling.storage,available,509.99,529.99,medium,low,10,namesilo,,,10/09/2026 22:52
f70fd6a9-18d7-42c9-af93-ec15d5c187b0,dodging.storage,available,509.99,529.99,medium,low,7,namesilo,,,21/09/2026 09:51
cbb9883b-ca95-4be6-b447-1802bb37e116,express.storage,available,509.99,529.99,high,low,7,namesilo,,,24/09/2026 16:04
772e1776-ef61-4b1c-b2e2-de98a684137c,hedonistic.storage,available,509.99,529.99,medium,low,10,namesilo,,,21/08/2026 05:56
8e5b254f-1fe4-4ff1-8af7-02af1b1e61cd,aqueduct.storage,available,509.99,529.99,high,low,8,namesilo,,,19/09/2026 23:10
b191422e-f8e2-413e-99e5-3d54d652d346,hecht.storage,available,509.99,529.99,high,low,5,namesilo,,,23/09/2026 07:20
03168f02-8a45-49ba-bd77-7ad20776eab5,solve.storage,available,509.99,529.99,high,low,5,namesilo,,,
f430e9b7-88ef-4de1-84ce-18e78d045895,droopy.storage,available,538.98,858,medium,low,6,namecheap,,,14/08/2026 19:43
da5ded18-89d5-4028-a76d-4a9c585cf655,roadman.storage,available,538.98,858,medium,low,7,namecheap,,,21/09/2026 18:08
014eae46-a212-444a-9348-43fd2dfdbaa2,jejune.storage,available,509.99,529.99,medium,low,6,namesilo,,,22/08/2026 12:45
7b40452e-3ee0-4027-9ad8-f78283f7fd9f,derivable.storage,available,509.99,529.99,medium,low,9,namesilo,,,14/08/2026 03:00
302d1838-c153-470b-a3a0-f4a62b710f34,demonstration.storage,available,509.99,529.99,high,low,13,namesilo,,,
04a33f77-d717-4ac1-a40d-6f1551ad9a1d,futuristic.storage,available,538.98,858,high,low,10,namecheap,,,18/08/2026 19:17
e1e83be8-5bd0-4739-a9a4-a8b1137236e0,shunning.storage,available,509.99,529.99,medium,low,8,namesilo,,,21/09/2026 09:50
7d8c3a65-5c67-4f34-8c73-26ed15fb128f,abortus.storage,available,509.99,529.99,medium,low,7,namesilo,,,16/09/2026 16:40
947b9432-a7e6-4754-945f-b4877f6fe4d2,cause.storage,available,509.99,529.99,high,low,5,namesilo,,,24/09/2026 13:11
e5865f0b-38bb-4811-b7df-b2d975b54ec1,mixture.storage,available,538.98,858,high,low,7,namecheap,,,25/09/2026 21:57
045d478d-03ee-41c8-8e28-125d9081483b,preanal.storage,available,509.99,529.99,high,medium,7,namesilo,,,09/09/2026 01:09
1f2a09f9-2619-4ec3-bc61-3715b14e3aac,cucumber.storage,available,799,,high,low,8,name.com,,,
f0f937c0-bfb6-440d-b935-2c3dbdcde026,sometimes.storage,available,538.98,858,high,low,9,namecheap,,,16/09/2026 04:53
98a0de0e-3af2-4761-8136-402f9be289c6,mozambican.storage,available,509.99,529.99,high,low,10,namesilo,,,25/08/2026 09:16
8a181b61-a631-46b9-be9f-3e2e28705c20,upmost.storage,available,538.98,858,medium,low,6,namecheap,,,11/09/2026 17:50
3d5f49f5-b0d4-445c-9584-d57d59f253c1,grudging.storage,available,538.98,858,medium,low,8,namecheap,,,20/08/2026 20:31
402743fd-d663-452b-96a6-555030113075,mortified.storage,available,538.98,858,medium,low,9,namecheap,,,18/08/2026 20:17
e57cd4bc-a2a2-4166-941c-77c5e22eb5eb,gamble.storage,available,509.99,529.99,high,low,6,namesilo,,,17/09/2026 10:37
44dde8db-e6a0-46ce-9eea-89afa845c131,honcho.storage,available,538.98,858,high,low,6,namecheap,,,10/08/2026 20:40
659aeb4f-8cf0-4639-934e-30b74bb7b49f,birch.storage,available,509.99,529.99,high,low,5,namesilo,,,10/08/2026 05:53
567b9494-ca96-41ed-a292-e4f19a01e5f7,governance.storage,available,538.98,858,high,low,10,namecheap,,,20/08/2026 17:22
0a4f4a06-17f6-49b1-b5a0-a42e46104184,trained.storage,available,509.99,529.99,high,low,7,namesilo,,,28/09/2026 09:30
c69a66ca-58a3-4454-8d74-fd18f0ac90d6,beefcake.storage,available,509.99,529.99,medium,low,8,namesilo,,,23/09/2026 01:06
43bdf8a4-79ec-4a07-a00c-e3555d7ded9f,rossbach.storage,available,509.99,529.99,medium,low,8,namesilo,,,22/09/2026 15:54
932b13e8-15b3-4ec1-8e39-7b3b8fcab313,bland.storage,available,509.99,529.99,medium,low,5,namesilo,,,22/09/2026 21:44
d0521020-a0ee-4e67-a75d-65fab4ac2f8c,ail.storage,available,538.98,858,high,low,3,namecheap,,,17/09/2026 21:05
fcb8556b-ad1f-48ba-b871-3e1226805e0d,adenoid.storage,available,509.99,529.99,medium,low,7,namesilo,,,
bfe607c9-59ea-4804-8302-a9658556a5d3,generously.storage,available,538.98,858,high,low,10,namecheap,,,14/09/2026 21:14
3120f684-42e1-4080-a76a-7cd0ee2becf8,jinx.storage,available,509.99,529.99,high,low,4,namesilo,,,21/08/2026 07:37
8c7dd96b-9313-47c0-a5a9-db4df631b687,unreserved.storage,available,538.98,858,medium,low,10,namecheap,,,12/09/2026 18:21
81a10c90-fb67-4fc0-9ea4-8a57d4eba0f1,nowhere.storage,available,465.95,500.2,high,low,7,spaceship,,,28/09/2026 16:28
c28fb851-14a2-4257-ac65-d192db4f3be8,sydney.storage,available,509.99,529.99,high,low,6,namesilo,,,25/09/2026 10:47
6de55650-51c3-4806-8efb-2f77cf801263,dreamy.storage,available,509.99,529.99,high,low,6,namesilo,,,14/08/2026 18:48
e9813e04-2342-4527-8484-fe5d08f9f912,pilose.storage,available,509.99,529.99,high,medium,6,namesilo,,,08/09/2026 19:39
891a7932-77fe-4f98-947b-12d791a9356b,midwestern.storage,available,509.99,529.99,high,low,10,namesilo,,,24/08/2026 22:41
d1ce65f2-e420-462c-962e-fdacc6875771,arterial.storage,available,509.99,529.99,high,low,8,namesilo,,,06/08/2026 22:29
bae745a7-dd8a-4e31-b219-ff5d5b65ec61,exhaustive.storage,available,509.99,529.99,medium,low,10,namesilo,,,17/08/2026 17:08
6c2d1070-6409-4900-8f00-578c66cf9fd8,arsenide.storage,available,509.99,529.99,medium,low,8,namesilo,,,20/09/2026 09:41
5627fc9b-7896-4bf3-ba68-d84f716a11d5,alchemic.storage,available,509.99,529.99,medium,low,8,namesilo,,,
6e29d310-0904-4037-b98a-ca73daf499d6,earning.storage,available,465.95,500.2,medium,low,7,spaceship,,,28/09/2026 13:27
cf927f98-1c4b-4546-a97e-7ea36bf82a5d,clowning.storage,available,509.99,529.99,high,low,8,namesilo,,,
1b79aabd-a2c0-4777-9c81-cf8fe13cd84d,creole.storage,available,509.99,529.99,high,low,6,namesilo,,,13/08/2026 06:07
d6304f70-84bc-45b5-b635-e0cc37f489d7,biotitic.storage,available,509.99,529.99,medium,low,8,namesilo,,,10/08/2026 03:33
3fecce50-f17b-48b0-b254-d4124c9fe024,amnesty.storage,available,509.99,529.99,high,low,7,namesilo,,,18/09/2026 22:23
2fda7bbc-9abf-460e-9f83-847f3729b4f3,caravan.storage,available,509.99,529.99,high,high,7,namesilo,,,24/09/2026 12:46
a86de43f-f1f7-45c6-80af-667752c55a0e,avon.storage,available,509.99,529.99,high,low,4,namesilo,,,28/09/2026 23:31
4705d27e-0143-4821-b24d-828ff5c4f449,comparably.storage,available,509.99,529.99,medium,low,10,namesilo,,,14/09/2026 07:37
b7242b71-2981-4c98-a7cd-f182e1778046,known.storage,available,509.99,529.99,high,low,5,namesilo,,,25/09/2026 12:59
a3ffb3c2-31e6-41c9-9f44-bd4aee638c56,rounded.storage,available,538.98,858,high,low,7,namecheap,,,19/09/2026 15:40
3277052a-a7db-4136-b026-0f87f47975df,funny.storage,available,538.98,858,high,low,5,namecheap,,,23/09/2026 15:21
f5163082-c58a-4b2f-89fd-192b70b0cee5,ant.storage,available,465.95,500.2,high,medium,3,spaceship,,,28/09/2026 21:35
e2262dfc-983d-4fc8-ac8c-65032004322d,invade.storage,available,535.22,535.22,medium,low,6,dynadot,,,28/09/2026 15:34
edf108db-91c2-4a17-b245-139cff08365f,sapiens.storage,available,509.99,529.99,high,low,7,namesilo,,,19/09/2026 15:49
87ad322f-3a7f-4f40-a7ee-aa20f304ac59,tamely.storage,available,538.98,858,medium,low,6,namecheap,,,16/09/2026 07:53
d590b985-af13-4213-9c19-ce62c2f244f9,perceptual.storage,available,509.99,529.99,high,low,10,namesilo,,,08/09/2026 16:15
59af38c1-ca74-4da5-aaaa-1f10bf2ea9b2,shoreward.storage,available,509.99,529.99,medium,low,9,namesilo,,,22/08/2026 07:00
8e7e3be0-3e34-4f2c-98a6-aa2b75371a9d,sparkly.storage,available,509.99,529.99,high,low,7,namesilo,,,
551bdbdc-3cb0-43fa-8915-095374331816,aggregated.storage,available,509.99,529.99,high,low,10,namesilo,,,
8907dbf1-f200-4d0b-88ec-875db24e8cb5,onward.storage,available,509.99,529.99,high,low,6,namesilo,,,14/09/2026 19:49
569715bc-f5a7-4eaa-866e-c98076f66ba2,loans.storage,available,535.22,535.22,high,low,5,dynadot,,,28/09/2026 05:18
89384163-9b1f-47ef-af4f-3f76603e03d5,retch.storage,available,509.99,529.99,high,medium,5,namesilo,,,10/09/2026 07:37
9832c981-580d-4bb1-a3f4-3ba1f68a845e,saami.storage,available,538.98,858,high,medium,5,namecheap,,,09/09/2026 21:07
0e470621-34b8-4d54-b227-7fe21b1bbc34,taking.storage,available,509.99,529.99,high,low,6,namesilo,,,18/08/2026 02:22
e46cebab-023d-4ed2-b05c-d6d041dce0c5,contingent.storage,available,538.98,858,high,low,10,namecheap,,,23/09/2026 22:07
72176f11-8081-4ba7-aa96-522b0b2f8cb4,ebay.storage,available,465.95,500.2,high,high,4,spaceship,,,28/09/2026 02:17
deaac069-8cf0-4964-81b4-e5c70f8feabb,fax.storage,available,465.95,500.2,high,low,3,spaceship,,,28/09/2026 14:07
7fab3f0a-e0c9-44b2-99c1-bc89bbd27044,below.storage,available,509.99,529.99,high,low,5,namesilo,,,24/09/2026 12:01
3ecf6dfa-cca8-4d8d-acad-c943f8b75c99,objector.storage,available,509.99,529.99,medium,low,8,namesilo,,,14/08/2026 12:43
354b4e76-a808-4b85-8751-cca9f7ab6126,istanbul.storage,available,509.99,529.99,high,low,8,namesilo,,,24/09/2026 17:33
8ffaa2bc-212f-40a0-9661-c01b20ea8ab1,honorary.storage,available,509.99,529.99,high,low,8,namesilo,,,21/08/2026 13:29
4242a0fb-e971-4bf4-9758-7ed341057c87,certificate.storage,available,509.99,529.99,high,low,11,namesilo,,,
545aacc2-67ca-479c-a6f6-363b0ada456a,sunlit.storage,available,509.99,529.99,high,low,6,namesilo,,,11/09/2026 01:59
e1e77187-d926-40e6-923b-ca9d2ed14c3e,crossly.storage,available,509.99,529.99,low,low,7,namesilo,,,14/09/2026 09:42
51b113e7-6d48-4276-a419-f5021fcc45d0,acceptable.storage,available,509.99,529.99,high,low,10,namesilo,,,21/09/2026 15:23
bdb60eda-c365-47a7-b584-d32d3348e192,anemic.storage,available,509.99,529.99,medium,low,6,namesilo,,,
daa54e83-1ed3-453c-812a-b53ddc9d3a21,atrium.storage,available,509.99,529.99,high,low,6,namesilo,,,21/09/2026 00:47
4c5219a0-781e-439e-9d9d-e0512f566bcc,arctan.storage,available,509.99,529.99,medium,low,6,namesilo,,,20/09/2026 01:31
03c209df-74e2-4625-8a83-5be6592d4ea9,arabesque.storage,available,509.99,529.99,high,low,9,namesilo,,,19/09/2026 23:28
9f05fcf9-af45-4557-877f-95921800e04c,officers.storage,available,799,,medium,low,8,name.com,,,
c9e475a1-b824-44b7-9cf5-35ec55e65ddb,babe.storage,available,509.99,529.99,high,low,4,namesilo,,,29/09/2026 00:05
38da8f19-6041-4a3d-82c9-d983d1be5c76,streetwise.storage,available,509.99,529.99,high,low,10,namesilo,,,10/09/2026 22:26
a0b085ea-860a-42ec-98e1-5063936e3d36,klein.storage,available,538.98,858,high,low,5,namecheap,,,25/09/2026 03:56
240cf8b8-10c8-4527-929e-c6475b52ef81,numbers.storage,available,538.98,858,high,low,7,namecheap,,,29/09/2026 03:35
6c957e20-0556-4b11-bac9-987f48939780,copernican.storage,available,509.99,529.99,medium,low,10,namesilo,,,13/08/2026 00:26
7d88c904-0283-44d6-b9a7-60fe6cf4bcd7,keister.storage,available,509.99,529.99,low,low,7,namesilo,,,09/08/2026 11:08
375ad4ce-88cc-447a-9f16-5c8906c693c2,era.storage,available,509.99,529.99,high,medium,3,namesilo,,,
9b3a06c1-895e-4b07-978d-8354bac565d1,small.storage,available,799,949.99,high,low,5,name.com,,,22/09/2026 19:21
f652a954-246f-48eb-8c92-a1218e3d043c,zeus.storage,available,465.95,500.2,high,medium,4,spaceship,,,28/09/2026 01:59
9ef0737b-b409-46bf-b77d-b226b329d757,pentagonal.storage,available,509.99,529.99,medium,low,10,namesilo,,,08/09/2026 15:00
a551f3b4-7c14-4997-90ae-96aef305d55c,pergola.storage,available,509.99,529.99,medium,low,7,namesilo,,,20/09/2026 01:00
9fec21be-c751-45ca-a354-e367bd4a107c,raptor.storage,available,538.98,858,high,low,6,namecheap,,,23/09/2026 20:17
407284b5-bde9-40ef-b09c-ce38949ffeb4,tiring.storage,available,509.99,529.99,medium,low,6,namesilo,,,11/09/2026 16:24
7a72b739-ccb2-411f-9d12-3b9e1f6a754b,overjoyed.storage,available,538.98,858,high,low,9,namecheap,,,04/09/2026 20:49
02778e49-e4d7-4449-91dd-ace8f2a9e3ea,satisfactory.storage,available,509.99,529.99,high,low,12,namesilo,,,
2ba31265-a45b-4922-8c92-201a3a5a6746,mod.storage,available,509.99,529.99,high,low,3,namesilo,,,25/08/2026 02:27
472ee784-87b2-42d9-af7a-1cbe077980cc,opium.storage,available,509.99,529.99,medium,low,5,namesilo,,,29/09/2026 01:45
ca1a275d-ed81-4b98-9ed4-5c945b321cb3,perfect.storage,available,509.99,529.99,high,medium,7,namesilo,,,27/09/2026 03:33
c7e3ecd2-054a-4528-9935-db59c0e8db6a,corresponding.storage,available,509.99,529.99,medium,low,13,namesilo,,,
34885df2-29f9-4a40-aff4-07521b184717,fiedler.storage,available,509.99,529.99,high,low,7,namesilo,,,20/09/2026 10:50
421aade1-d88b-4e42-8351-9fc5ee6cf47e,disrepute.storage,available,509.99,529.99,medium,low,9,namesilo,,,24/09/2026 22:34
01becfb2-5310-42ba-8ec0-fc6ff8c62c51,orders.storage,available,799,949.99,high,low,6,name.com,,,18/09/2026 14:04
f124679c-a034-4225-865a-680314917092,passport.storage,available,509.99,529.99,high,low,8,namesilo,,,27/09/2026 04:57
c12a4f23-9e28-47b0-a299-bc6310c2cc60,mall.storage,available,509.99,529.99,high,low,4,namesilo,,,
d489e59f-291d-4d13-b08b-01da0d374ff0,diacritic.storage,available,509.99,529.99,medium,low,9,namesilo,,,14/08/2026 05:43
b5a67d06-3a70-4ede-874f-4c62c21b21c8,testy.storage,available,509.99,529.99,medium,low,5,namesilo,,,22/08/2026 10:29
debf290e-d089-4643-aaa5-4a89fe41dadb,pls.storage,available,509.99,529.99,high,low,3,namesilo,,,
296ea213-ab93-40b6-b0f6-a17addff7c6a,baptized.storage,available,509.99,529.99,high,low,8,namesilo,,,08/08/2026 14:55
11fa5061-d3eb-4acc-8c87-a918aa209f6a,affluence.storage,available,465.95,500.2,high,low,9,spaceship,,,28/09/2026 19:21
aee33ff0-cf4b-453d-9ed5-69a2630e8a37,bestiary.storage,available,509.99,529.99,medium,low,8,namesilo,,,23/09/2026 10:36
3a7effc6-a3b9-4c52-be92-a43c9adccbe7,hendrix.storage,available,465.95,500.2,high,low,7,spaceship,,,28/09/2026 05:59
0da1fe5e-7b47-4993-ade8-783b7808cf0a,prediction.storage,available,500.2,500.2,high,low,10,cloudflare,,,29/09/2026 00:58
7f0e7e86-971d-4747-9e50-827df738fc73,backed.storage,available,509.99,529.99,high,low,6,namesilo,,,08/08/2026 05:33
993aacc3-c1bb-491e-8e36-8e0c41a0b082,gently.storage,available,500.2,500.2,high,low,6,cloudflare,,,28/09/2026 14:58
0c58f9c3-e47d-4dfe-906e-f4b128bfab51,expound.storage,available,509.99,529.99,high,low,7,namesilo,,,16/08/2026 00:37
0f713c26-fd9b-465f-ab7d-f88f3c0e440d,xcl.storage,available,509.99,529.99,medium,low,3,namesilo,,,
cbd58dad-b5fa-42ae-ac95-bff448f27538,ounce.storage,available,509.99,529.99,high,low,5,namesilo,,,28/09/2026 21:44
a28b508f-983b-4435-a7ac-46f08b7ee5a4,lopez.storage,available,509.99,529.99,high,low,5,namesilo,,,25/09/2026 12:44
3a5a1d2b-b4d0-4288-b6e0-c3fe2d5b0b12,metre.storage,available,538.98,858,high,low,5,namecheap,,,25/09/2026 15:57
5985edca-5d2d-42d5-b5ec-b0ed80801d7a,mitotic.storage,available,509.99,529.99,medium,low,7,namesilo,,,25/08/2026 02:08
4f3e106a-94aa-42d5-bca1-324bd69f54d3,bohrium.storage,available,509.99,529.99,medium,low,7,namesilo,,,20/09/2026 22:07
3fe84b2d-ed20-45e4-ab08-e63031b0adb0,frisian.storage,available,509.99,529.99,medium,low,7,namesilo,,,18/08/2026 15:59
8a0cad49-eca7-4f1c-aab3-7d777344da3a,trumpery.storage,available,509.99,529.99,medium,low,8,namesilo,,,18/08/2026 23:50
769b4aa8-70dd-4b2e-9e88-9b010cee3140,autism.storage,available,509.99,529.99,high,low,6,namesilo,,,21/09/2026 05:28
1e0d97ea-b872-4100-8524-62af3cac0856,fatah.storage,available,509.99,529.99,medium,low,5,namesilo,,,18/09/2026 00:27
7c760f75-fd1a-44bd-bab2-6cabcea2d7d3,aimlessly.storage,available,538.98,858,medium,low,9,namecheap,,,13/09/2026 18:28
8503a140-2f99-49c9-b1fd-684ff9e1633c,desperately.storage,available,465.95,500.2,medium,low,11,spaceship,,,28/09/2026 07:05
1825bad4-e551-4165-b79e-37006c5dbbb7,bootleg.storage,available,538.98,858,high,low,7,namecheap,,,22/09/2026 21:19
ed43fb36-a93b-4351-9d3a-630ceb3735a5,shapely.storage,available,509.99,529.99,high,low,7,namesilo,,,10/09/2026 05:57
7435270b-38d2-49e9-93d7-26236e959897,unable.storage,available,509.99,529.99,high,low,6,namesilo,,,11/09/2026 23:26
3e83bb59-e5ba-4bc4-beb7-1c9bdbdcf7da,guns.storage,available,509.99,529.99,high,low,4,namesilo,,,17/09/2026 07:29
627d7c79-809e-4b71-94e0-df67aadf132d,exists.storage,available,538.98,858,medium,low,6,namecheap,,,27/09/2026 02:40
91ffa94e-3d3b-4216-b95b-1d13588649ac,absolutely.storage,available,509.99,529.99,high,low,10,namesilo,,,28/09/2026 11:36
1bc7aa76-9392-47cc-aa5a-07041e035358,obscure.storage,available,509.99,529.99,high,low,7,namesilo,,,05/08/2026 21:59
67acfe41-567e-42a1-b391-375a4ba77392,olfactive.storage,available,509.99,529.99,medium,low,9,namesilo,,,04/09/2026 02:13
7d686e2b-cda9-4c98-90c1-f14047dbeca7,boer.storage,available,509.99,529.99,medium,low,4,namesilo,,,
8812ec83-b758-4b30-addc-e966f8cda1cf,road.storage,available,509.99,529.99,high,low,4,namesilo,,,
bbde3f65-51da-4542-9aa9-c070131ffdc1,confidence.storage,available,509.99,529.99,high,low,10,namesilo,,,20/09/2026 16:46
9d12cf72-a915-4d46-9fda-8bbd28650dd2,amaretto.storage,available,509.99,529.99,high,low,8,namesilo,,,18/09/2026 15:58
e65be06e-ff36-45ab-9241-eff073c410df,cardiff.storage,available,509.99,529.99,high,low,7,namesilo,,,28/09/2026 01:26
cec8b3f0-53ff-4c65-a57e-e547962e982c,whipple.storage,available,500.2,500.2,medium,low,7,cloudflare,,,28/09/2026 16:10
aaf3a30a-6891-4cf4-b35a-ca49d2ea816a,quenched.storage,available,509.99,529.99,medium,low,8,namesilo,,,09/09/2026 08:25
eaf1e829-180e-42fa-a20f-77bd53bdb849,annoying.storage,available,509.99,529.99,high,low,8,namesilo,,,22/09/2026 05:19
f8899ae7-d207-4e78-b9bb-1f41b854513a,northern.storage,available,509.99,529.99,high,low,8,namesilo,,,25/09/2026 23:11
62ca499b-61d9-4655-9368-4e8f4ea83e40,outrageous.storage,available,509.99,529.99,medium,low,10,namesilo,,,17/08/2026 17:38
8d822eaf-f294-4dea-9223-b3dd6ef6074b,fonts.storage,available,538.98,858,medium,low,5,namecheap,,,20/09/2026 22:56
42f7124d-5824-4f85-af24-90a4a4f1b262,gram.storage,available,509.99,529.99,high,low,4,namesilo,,,
26beef11-71e3-4501-845a-d22b4032b4bf,rounder.storage,available,509.99,529.99,medium,low,7,namesilo,,,23/08/2026 00:51
c93b4dc2-249d-4c32-9330-ca32304c046a,rasmussen.storage,available,538.98,858,high,low,9,namecheap,,,28/09/2026 06:07
84969af2-729a-424d-8596-ecda72b5bd1c,schismatic.storage,available,509.99,529.99,medium,low,10,namesilo,,,09/09/2026 23:07
16830084-cbd7-4e20-93ed-b4f235969074,fogy.storage,available,509.99,529.99,medium,low,4,namesilo,,,18/08/2026 13:08
4022af4d-9f75-4827-9f3d-1016be0f6bb7,asteraceae.storage,available,509.99,529.99,medium,low,10,namesilo,,,20/09/2026 17:03
565c006e-0d01-4be0-94e8-f0e009f07441,dendritic.storage,available,509.99,529.99,medium,low,9,namesilo,,,14/08/2026 01:48
b98ba665-695a-42c2-86bb-172ef292d74c,edamame.storage,available,509.99,529.99,high,low,7,namesilo,,,20/09/2026 02:22
9ecdd18d-e4de-4a37-a3a8-5f5319be35f1,blazon.storage,available,509.99,529.99,high,low,6,namesilo,,,24/09/2026 05:05
eefcb0e0-1f68-41ff-946d-f359dffa4f71,impractical.storage,available,509.99,529.99,medium,low,11,namesilo,,,
bb377497-de4b-4053-b62d-d1987383ed0f,hanger.storage,available,799,,medium,low,6,name.com,,,
150e01f4-21cf-4604-b0ee-87f81bc0a16e,definable.storage,available,509.99,529.99,medium,low,9,namesilo,,,13/08/2026 23:28
0f1bee3c-3784-402d-825e-8dc533f72b86,pupillary.storage,available,509.99,529.99,high,medium,9,namesilo,,,09/09/2026 06:08
0bed2fc2-d5df-4806-8920-06fb131f0d5c,foxy.storage,available,509.99,529.99,high,low,4,namesilo,,,13/08/2026 04:30
cb7ba5cc-cc4d-41ec-bb93-b41f25f54356,parked.storage,available,509.99,529.99,high,low,6,namesilo,,,08/09/2026 01:36
471874b4-c9b8-4c64-96fa-3ede87fa0a08,task.storage,available,465.95,500.2,high,low,4,spaceship,,,28/09/2026 06:18
0b4c46aa-b4ab-4540-9076-31ab9be332cc,ahriman.storage,available,509.99,529.99,medium,low,7,namesilo,,,17/09/2026 20:33
7ce89fd7-39a1-4be1-8067-ade68aa4d0ed,ablution.storage,available,509.99,529.99,medium,low,8,namesilo,,,16/09/2026 16:14
9adfa466-8e1c-4618-9d0a-efae84c94423,restraint.storage,available,509.99,529.99,medium,low,9,namesilo,,,28/09/2026 18:42
fd932e15-0321-45a6-aa6f-fbdae7dc6525,ascendent.storage,available,509.99,529.99,medium,low,9,namesilo,,,
1b0f394d-e917-4a42-aae6-02d1708b08a4,fairness.storage,available,509.99,529.99,high,low,8,namesilo,,,22/09/2026 22:20
c1d91de8-2a7b-45a5-a8e9-80237c3c1c6f,vermilion.storage,available,509.99,529.99,high,low,9,namesilo,,,12/08/2026 05:45
209095c7-e217-42d8-9287-5ee88177860c,monthly.storage,available,538.98,858,high,low,7,namecheap,,,25/09/2026 21:36
ca2edc8a-c207-419b-8ee2-45fe1cc82e9f,centimeter.storage,available,509.99,529.99,high,low,10,namesilo,,,24/09/2026 13:34
3c0bffbf-e8af-4873-8dbf-eb35a85b626f,judy.storage,available,509.99,529.99,high,low,4,namesilo,,,25/09/2026 11:45
3211eee2-43b1-447f-ba34-603bccfde2a0,twinned.storage,available,509.99,529.99,high,low,7,namesilo,,,24/08/2026 16:58
83dee6eb-5af1-4057-8071-43ad29b6565c,trieste.storage,available,465.95,500.2,medium,low,7,spaceship,,,27/09/2026 18:38
5e745bad-4fea-4f7f-aa19-a00adffe777b,unpaved.storage,available,509.99,529.99,medium,low,7,namesilo,,,12/09/2026 16:34
7889c9a9-f17f-4203-982f-e99e29c32df8,acquirer.storage,available,509.99,529.99,medium,low,8,namesilo,,,17/09/2026 02:40
be613578-3df1-4ba5-b3ac-fabdea4a0627,norton.storage,available,509.99,529.99,high,high,6,namesilo,,,25/09/2026 12:24
468dbe86-c290-42b5-a22e-a5aaee2667a4,raped.storage,available,509.99,529.99,medium,low,5,namesilo,,,14/08/2026 04:27
65dcbcde-caa0-4e4b-8673-9721e81cae46,bigfoot.storage,available,538.98,858,high,low,7,namecheap,,,23/09/2026 15:06
a7bfcbfa-7b3b-41f5-b9f5-bbee99ace9aa,stain.storage,available,509.99,529.99,high,low,5,namesilo,,,25/09/2026 16:55
a0a5c172-9bfd-4b0a-be21-346cf2d96481,nature.storage,available,509.99,529.99,high,low,6,namesilo,,,08/09/2026 02:43
a66cb2c1-5391-4a11-8079-eb223ecb736f,spy.storage,available,509.99,529.99,high,low,3,namesilo,,,25/09/2026 10:42
ab0e5619-51a7-4bb4-8930-6747e1ca01f1,cough.storage,available,799,949.99,high,low,5,name.com,,,24/09/2026 18:37
8bd6fa54-5e7c-4e9f-87b7-c1a573ea8070,adriatic.storage,available,538.98,858,high,low,8,namecheap,,,17/09/2026 10:03
239ba6d6-7135-4c5a-85a1-691e12df8f41,falsetto.storage,available,538.98,858,high,low,8,namecheap,,,17/08/2026 21:33
a4e4858a-45f4-4034-a9b7-a71a230e32ec,critic.storage,available,799,,high,low,6,name.com,,,
ad12db3d-8263-4038-aa92-dd82a00bc6ea,discovery.storage,available,509.99,529.99,high,high,9,namesilo,,,24/09/2026 08:27
eec1a205-d2ce-460b-ae23-a9aff1805233,bataan.storage,available,509.99,529.99,medium,low,6,namesilo,,,22/09/2026 13:10
cfb8fc0e-5bdf-4981-9e23-d72dd32f473e,tetanic.storage,available,509.99,529.99,medium,low,7,namesilo,,,11/09/2026 12:08
992e1c6b-4ed6-46ca-a808-5adb1a2903a2,inexorable.storage,available,509.99,529.99,medium,low,10,namesilo,,,
646d3059-14b2-4e8c-8d2f-99546da45ca0,despise.storage,available,509.99,529.99,high,low,7,namesilo,,,
e968612c-72eb-4c81-b92b-fa0fcc07d816,academics.storage,available,515.45,515.45,high,low,9,porkbun,,,28/09/2026 05:28
35372c90-b129-4773-b6fb-b9c98aab2cc0,saharan.storage,available,538.98,858,high,medium,7,namecheap,,,09/09/2026 20:49
c448b71f-b44c-46d5-9cd5-1d6eb11131e6,bracing.storage,available,509.99,529.99,high,low,7,namesilo,,,11/08/2026 00:30
8b67412b-26ee-43a1-85fe-ef413f605ebd,craniate.storage,available,509.99,529.99,medium,low,8,namesilo,,,13/09/2026 04:37
24630f1b-5d50-4f16-9981-1579599cc00a,sestet.storage,available,509.99,529.99,medium,low,6,namesilo,,,
68120848-04cb-4c09-9f41-7e7ec354a31d,beatniks.storage,available,538.98,858,medium,low,8,namecheap,,,22/09/2026 21:34
ed1373d1-9e1d-45ce-ae07-4433b2980394,savage.storage,available,509.99,529.99,high,low,6,namesilo,,,08/08/2026 15:36
3a40fe22-ebd5-4bc1-8c35-a50fe6bea5aa,bonefish.storage,available,538.98,858,high,low,8,namecheap,,,18/09/2026 03:25
66610149-9419-4e7c-bfb3-39ba1ca60800,amusement.storage,available,509.99,529.99,high,low,9,namesilo,,,26/09/2026 00:23
1d76dfaa-3657-4640-8301-fc668bdf2b42,expand.storage,available,538.98,858,high,low,6,namecheap,,,24/09/2026 13:38
0611eead-6b4c-4058-97f6-6203c322c38c,fare.storage,available,538.98,858,high,low,4,namecheap,,,28/09/2026 05:41
567597e4-839d-458f-95a3-43f2c7ac0635,devastated.storage,available,465.95,500.2,medium,low,10,spaceship,,,28/09/2026 11:36
b14b34e1-2f93-4ca3-ab4a-0177ea7242e9,bhutanese.storage,available,509.99,529.99,medium,low,9,namesilo,,,09/08/2026 18:24
ec182c68-5576-4da4-a8c8-9e30c36eaf2a,smoothen.storage,available,509.99,529.99,medium,low,8,namesilo,,,08/09/2026 23:04
b132629d-7f26-4b9c-b282-add4201d43fb,hic.storage,available,509.99,529.99,high,low,3,namesilo,,,
d20a2c8d-459b-4768-adf9-c837f5ffa48a,preaching.storage,available,509.99,529.99,high,low,9,namesilo,,,28/09/2026 15:06
95d1d929-1057-408e-8e48-78f60d7f2713,bergman.storage,available,509.99,529.99,high,low,7,namesilo,,,23/09/2026 09:21
76d11bc5-ddf6-4dc6-8335-6563381ca27a,allowable.storage,available,509.99,529.99,high,low,9,namesilo,,,
6b409bd8-e1f5-4744-893d-fc4dde2845db,written.storage,available,535.22,535.22,high,low,7,dynadot,,,27/09/2026 18:44
c0e1dce6-de2c-4686-8ea3-99e48a6c03c8,unwieldy.storage,available,509.99,529.99,medium,low,8,namesilo,,,12/08/2026 13:10
14dbc5bc-a3ce-48db-9305-65706d6157d5,goods.storage,available,799,,high,low,5,name.com,,,
00e0d301-e921-4188-9d1e-a366a6cd500c,paragraph.storage,available,509.99,529.99,high,low,9,namesilo,,,28/09/2026 15:02
f3dadb92-aa47-4025-ad00-9cb85ed0096b,obeisance.storage,available,509.99,529.99,high,medium,9,namesilo,,,10/08/2026 23:35
3763dffc-29ba-4ed9-853a-13b0f1d66131,bardic.storage,available,538.98,858,medium,low,6,namecheap,,,08/08/2026 18:00
01768ac1-82e4-415d-a91c-f42f900aab43,deciduous.storage,available,538.98,858,medium,low,9,namecheap,,,13/08/2026 21:26
26e3dbd9-5d1b-47f1-99f4-a2a53060a942,explanations.storage,available,509.99,529.99,medium,low,12,namesilo,,,17/09/2026 10:05
213bd104-f8ce-4a15-8679-03dd8bf61685,luanda.storage,available,509.99,529.99,medium,low,6,namesilo,,,19/09/2026 06:58
5a7ee5af-4e1a-4dfc-97dc-0c475c11848a,tropical.storage,available,538.98,858,high,low,8,namecheap,,,11/09/2026 20:24
baa8c132-d042-4d30-8e57-559732c69a0a,orr.storage,available,509.99,529.99,high,low,3,namesilo,,,27/09/2026 03:21
e9841628-6c11-4839-bedd-ca55666ed457,epidural.storage,available,509.99,529.99,high,low,8,namesilo,,,17/08/2026 10:52
afa9d0db-7ec4-4547-b550-9a3831cac37a,baronial.storage,available,538.98,858,medium,low,8,namecheap,,,08/08/2026 20:11
ff882377-b45d-4f7a-99da-7bf97f431f2a,memory.storage,premium,509.99,529.99,high,medium,6,namesilo,,,
6d47496a-1da1-4f56-aa39-af9d0f159c62,muffled.storage,available,509.99,529.99,medium,low,7,namesilo,,,03/09/2026 10:26
d0a3b43d-2b5e-4861-8a0c-9bc5fb9dc6de,fundamentals.storage,available,509.99,529.99,high,low,12,namesilo,,,17/09/2026 09:40
28defe95-1800-41c9-ba5f-133722d434ad,forgiving.storage,available,509.99,529.99,high,low,9,namesilo,,,21/09/2026 14:52
02203d7b-9711-46c2-9076-44c364de322b,jokingly.storage,available,509.99,529.99,medium,low,8,namesilo,,,14/09/2026 17:23
b3c964cd-8e06-455a-8181-77083bf733fe,interest.storage,available,509.99,529.99,high,low,8,namesilo,,,08/09/2026 14:02
fca6c38d-c35f-470f-a118-7c5d3840b90b,joy.storage,available,509.99,529.99,high,medium,3,namesilo,,,
ae7640ef-b8db-4e4e-a189-b6986ee28e8f,arariba.storage,available,509.99,529.99,medium,low,7,namesilo,,,20/09/2026 00:13
df856980-6fbc-44a6-80cc-2964c663e916,structure.storage,available,509.99,529.99,high,low,9,namesilo,,,28/09/2026 04:24
09047bb1-9ea5-4ed4-a74a-f7f84c360e12,ecology.storage,available,509.99,529.99,high,low,7,namesilo,,,23/09/2026 18:42
9f5869f0-09ea-4e61-8579-ab1a81def450,attraction.storage,available,515.45,515.45,high,low,10,porkbun,,,28/09/2026 23:11
3585f559-f146-48ef-be87-d7c96307ea80,xciv.storage,available,538.98,858,medium,low,4,namecheap,,,
f381b638-b397-4790-9566-7d94c5bf16d9,powerhouse.storage,available,509.99,529.99,high,low,10,namesilo,,,21/09/2026 22:33
f203adec-9fc1-4e4e-8767-f83eb7b057aa,lawful.storage,available,538.98,858,high,low,6,namecheap,,,22/08/2026 21:21
3d608741-62df-4c00-abd3-2e6bfe1a0a33,signaling.storage,available,509.99,529.99,high,medium,9,namesilo,,,10/09/2026 08:00
05298eec-7b00-4187-af7b-fee2ee252d08,idealized.storage,available,538.98,858,high,low,9,namecheap,,,21/08/2026 17:58
b94e050f-8216-41da-a625-2e8f103a9c0c,dong.storage,available,465.95,500.2,medium,low,4,spaceship,,,28/09/2026 14:32
68798b69-706e-4214-9190-164a1e680fcb,joining.storage,available,509.99,529.99,high,low,7,namesilo,,,25/09/2026 23:20
26cc1918-9cfb-4cb9-99b8-d4213e3367ea,breeding.storage,available,509.99,529.99,high,low,8,namesilo,,,11/08/2026 03:36
36e66ca3-f5a5-429c-b0cc-bc27f0283257,priority.storage,available,509.99,529.99,high,low,8,namesilo,,,19/09/2026 12:40
badefd42-4466-4101-a201-492bc68aa3aa,tbd.storage,available,799,,high,low,3,name.com,,,
e905236c-fc65-4977-89e7-7f9971af6382,disaster.storage,available,509.99,529.99,high,low,8,namesilo,,,24/09/2026 11:38
210a5202-9a88-4100-b737-341b43817e5c,milky.storage,available,509.99,529.99,high,low,5,namesilo,,,24/08/2026 23:02
7a5eb011-2326-453b-81a4-d52521fa4f1b,nonsteroid.storage,available,509.99,529.99,medium,low,10,namesilo,,,03/09/2026 20:43
c767d1c4-fc9b-4111-af31-510c89525f8e,recognition.storage,available,509.99,529.99,high,low,11,namesilo,,,
e4e23b04-97e9-45ef-a1f9-58b376e04422,holler.storage,available,509.99,529.99,high,low,6,namesilo,,,23/09/2026 00:27
3bc49cd4-bf71-43b8-815a-7828cafe2ebf,cultivator.storage,available,538.98,858,medium,low,10,namecheap,,,17/09/2026 19:20
6398e81d-8f60-4f5f-b5e3-5f09dbae6b74,existing.storage,available,509.99,529.99,high,low,8,namesilo,,,24/09/2026 15:59
325e2205-b98d-47c9-9339-67a71f5f60a7,afford.storage,available,509.99,529.99,high,low,6,namesilo,,,25/09/2026 11:07
3b0b04c7-6236-4827-90a5-3eae3335d747,finn.storage,available,509.99,529.99,high,low,4,namesilo,,,28/09/2026 05:42
704a3ca2-8a96-4122-90e4-65706ca2d73c,fuzzed.storage,available,538.98,858,medium,low,6,namecheap,,,18/08/2026 19:20
7563e842-f4b0-4929-9309-c3fb76b74ee9,cozily.storage,available,509.99,529.99,medium,low,6,namesilo,,,14/09/2026 08:48
973d9e9a-c5ad-49f0-94b4-9534b5a64e2b,acridid.storage,available,538.98,858,medium,low,7,namecheap,,,17/09/2026 02:59
059bc80e-d6ba-4f20-bb4c-b70a16a87a32,sear.storage,available,538.98,858,medium,low,4,namecheap,,,14/08/2026 19:05
b5bc25f7-1070-4c17-8955-8afc72d4eeb1,prevailing.storage,available,509.99,529.99,high,medium,10,namesilo,,,09/09/2026 01:27
af8efece-a281-4e1e-baf9-c43103304058,occidental.storage,available,509.99,529.99,medium,low,10,namesilo,,,21/08/2026 07:25
1872b478-ec5b-4f37-809e-c30325d14cd6,logs.storage,available,538.98,858,medium,low,4,namecheap,,,28/09/2026 17:47
c8acf1fc-5e20-4522-83d2-ca979d003f61,frizzy.storage,available,509.99,529.99,medium,low,6,namesilo,,,18/08/2026 16:08
936e141a-41dc-49d5-9476-8bfefa6c5d92,shoddy.storage,available,509.99,529.99,medium,low,6,namesilo,,,12/08/2026 03:27
5f3bf73e-39d9-4b37-9cc0-7f38a7442912,brothel.storage,available,538.98,858,medium,low,7,namecheap,,,21/09/2026 18:15
018f9543-4da6-46a4-bf15-679ffb08fa46,spectacle.storage,available,515.45,515.45,high,low,9,porkbun,,,28/09/2026 20:32
6f4da829-fdb8-49aa-af86-b88bc71d3db2,universities.storage,available,465.95,500.2,medium,low,12,spaceship,,,28/09/2026 08:47
5659e2c7-3fe2-49e6-928b-8f3d0ec715c4,unknown.storage,available,509.99,529.99,high,low,7,namesilo,,,03/09/2026 12:55
39335374-c103-4707-aeba-1dc12562b50b,droning.storage,available,509.99,529.99,medium,low,7,namesilo,,,25/08/2026 05:28
795f3897-8ab9-4ec6-be36-fe20bf26d25a,skyline.storage,available,538.98,858,high,low,7,namecheap,,,19/09/2026 20:18
2bf8333b-4e61-491c-951a-594c7732564d,sob.storage,available,509.99,529.99,high,low,3,namesilo,,,08/08/2026 23:48
1b0f8003-c561-4e2f-a4d2-db6c3c152c74,autumnal.storage,available,509.99,529.99,medium,low,8,namesilo,,,07/08/2026 21:23
d59726af-2587-47e5-b8b8-7b65b17beafd,reanimated.storage,available,509.99,529.99,medium,low,10,namesilo,,,09/09/2026 10:58
e10a3325-8e74-4262-aaf7-bf1cbd54406f,ski.storage,available,509.99,529.99,high,low,3,namesilo,,,27/09/2026 05:28
8da3750b-05b2-46b2-b5a5-e3c610bfe5e9,jul.storage,available,515.45,515.45,medium,low,3,porkbun,,,28/09/2026 21:44
d84643a0-5301-432b-9f6a-24257a5756c3,greenly.storage,available,509.99,529.99,medium,low,7,namesilo,,,14/09/2026 22:19
a63acad0-d305-4906-b610-084f6735ff7c,rarely.storage,available,509.99,529.99,medium,low,6,namesilo,,,15/09/2026 22:32
12a77568-3ce6-46ce-8178-11815fad0ad9,consulting.storage,available,509.99,529.99,high,low,10,namesilo,,,
6e2c90d7-76cf-43d3-b00e-9be07db18948,tersely.storage,available,509.99,529.99,medium,low,7,namesilo,,,16/09/2026 08:13
20a4cfa8-41e6-4522-9c8d-a78a8bf36f32,tolerance.storage,available,538.98,858,high,low,9,namecheap,,,28/09/2026 20:10
c57c8833-453c-4af9-bac2-4c0e07360daf,dissenter.storage,available,509.99,529.99,medium,low,9,namesilo,,,14/08/2026 12:39
1e1dc767-a36d-44a3-a1bb-680c7f0e0193,catarrhal.storage,available,538.98,858,medium,low,9,namecheap,,,11/08/2026 21:09
e304f273-6c09-4101-b25d-f5e2495eb938,mimosa.storage,available,538.98,858,high,low,6,namecheap,,,16/09/2026 20:07
a8148cb2-2253-4fae-8e1b-50c5a2f2860e,embodied.storage,available,509.99,529.99,high,low,8,namesilo,,,16/08/2026 09:35
3b092e4b-6a90-4122-bc1e-516ad6a96429,reality.storage,available,509.99,529.99,high,low,7,namesilo,,,26/09/2026 00:09
1a1e1c9e-1e62-4be5-beff-4be0f660d9f6,honors.storage,available,509.99,529.99,medium,low,6,namesilo,,,28/09/2026 13:12
bd56fc2d-debf-49ea-aa54-c37c65593428,altruism.storage,available,509.99,529.99,high,low,8,namesilo,,,28/09/2026 20:45
b0fb5e98-4d71-42d2-80c7-99c59271b22a,cupidity.storage,available,509.99,529.99,medium,low,8,namesilo,,,21/09/2026 08:48
2fddac92-6d15-4fad-9913-7f25a73923cf,science.storage,available,500.2,500.2,high,medium,7,cloudflare,,,28/09/2026 16:46
39d6b0ce-05be-4fc9-b92d-4102014dd7e5,agonizing.storage,available,509.99,529.99,medium,low,9,namesilo,,,
3aabc5d1-4c47-4b57-b5f9-eda94e6c07fe,avoiding.storage,available,500.2,500.2,high,low,8,cloudflare,,,28/09/2026 03:32
542031b2-168a-4256-995f-6f34f7a29945,tenanted.storage,available,509.99,529.99,medium,low,8,namesilo,,,11/09/2026 11:09
66c6ec1d-806f-4a20-98aa-7022f4ee9aa0,validation.storage,available,500.2,500.2,high,low,10,cloudflare,,,28/09/2026 02:30
1e42a92f-9cb7-4f65-b80e-c6cfec391288,filiform.storage,available,509.99,529.99,medium,low,8,namesilo,,,18/08/2026 04:04
5dc0cf71-8c42-4369-9e42-89b8ef873124,dogtooth.storage,available,509.99,529.99,medium,low,8,namesilo,,,11/08/2026 17:01
401236aa-dafc-4124-8638-a82a5403731d,astatine.storage,available,509.99,529.99,medium,low,8,namesilo,,,20/09/2026 16:55
7597f206-9c6b-4b44-9af3-c242867c5a36,stolen.storage,available,509.99,529.99,high,low,6,namesilo,,,26/09/2026 00:36
47cc6c84-4f3d-47c5-b471-d0001a868e36,mississippi.storage,available,509.99,529.99,high,low,11,namesilo,,,28/09/2026 03:26
a48cf4b7-17b5-487e-94b8-ac9620014a2f,abuser.storage,available,538.98,858,medium,low,6,namecheap,,,16/09/2026 19:17
88726acd-6e55-48b9-ad24-664586f083ed,bubbles.storage,available,509.99,529.99,high,low,7,namesilo,,,17/09/2026 03:32
c069235b-0e79-46e7-a822-c86429b5a8e2,warfare.storage,available,509.99,529.99,high,low,7,namesilo,,,
48e62a1f-35bd-45df-a841-a30dc0bb1562,videos.storage,available,538.98,858,medium,low,6,namecheap,,,28/09/2026 03:36
3c435962-7c0d-49b5-9422-79265935e322,disturbed.storage,available,509.99,529.99,medium,low,9,namesilo,,,11/08/2026 01:48
9088846c-ec99-45bb-b36d-73588f016c00,ferrari.storage,available,465.95,500.2,high,high,7,spaceship,,,28/09/2026 03:37
732830bf-1b12-4f02-b2e8-741dd5f4b261,wasteland.storage,available,538.98,858,medium,low,9,namecheap,,,08/08/2026 21:11
64f57203-77b6-442f-8984-90cf3906bddf,amsterdam.storage,available,538.98,858,high,low,9,namecheap,,,19/09/2026 00:08
9a789e21-f038-4fac-9c9f-ac602d4ede31,nobble.storage,available,509.99,529.99,medium,low,6,namesilo,,,14/09/2026 07:56
2cb1bb83-757c-4d23-b1dc-88783ae4c813,they.storage,available,509.99,529.99,high,low,4,namesilo,,,
f037cbc2-aaae-4178-af16-13fae94fbaa7,peel.storage,available,509.99,529.99,high,low,4,namesilo,,,
21467636-42fc-4b1e-9ecb-613d8695b5d1,edition.storage,available,509.99,529.99,high,low,7,namesilo,,,28/09/2026 01:49
ad1b1cd9-0c3e-4ecb-95e9-583951ede0e9,azolla.storage,available,509.99,529.99,medium,low,6,namesilo,,,21/09/2026 11:19
21f0b27e-9171-4002-a675-f37b0bf5f031,unshelled.storage,available,509.99,529.99,high,medium,9,namesilo,,,10/09/2026 06:23
e653ecf7-982d-44e3-8007-4b75bc66303d,spontaneous.storage,available,509.99,529.99,high,low,11,namesilo,,,
110fa7c7-3433-48d0-8417-4375fe7290d1,emile.storage,available,515.45,515.45,medium,low,5,porkbun,,,27/09/2026 13:23
295089a7-b8f2-441f-bcae-4f608e999c09,incorrect.storage,available,509.99,529.99,high,low,9,namesilo,,,25/09/2026 08:08
c1dcfd48-ac01-49c4-b2f2-8fe131d33866,meeter.storage,available,538.98,858,medium,low,6,namecheap,,,21/09/2026 01:27
bd7a553f-223d-4115-8e9f-837d7224d402,apolune.storage,available,538.98,858,medium,low,7,namecheap,,,19/09/2026 18:55
bc0b9a8a-bd50-4369-86f3-1522422eff12,plugged.storage,available,538.98,858,high,low,7,namecheap,,,08/09/2026 21:30
6c26cefb-2cb4-4afa-863b-11bdb7616269,peacefully.storage,available,538.98,858,high,low,10,namecheap,,,15/09/2026 19:23
a7d78125-bf18-4df5-95c8-e5e19b9cdffe,manuscript.storage,available,465.95,500.2,medium,low,10,spaceship,,,28/09/2026 10:05
328df424-e4d0-402c-ad3a-24ae84ec2d2e,vibration.storage,available,509.99,529.99,high,low,9,namesilo,,,19/09/2026 17:28
e766ded2-29b2-4375-b390-c92ffd5cf23f,slender.storage,available,509.99,529.99,high,low,7,namesilo,,,24/08/2026 01:14
0cab2742-a60c-4028-8a1e-baaaa9c8044f,purity.storage,available,500.2,500.2,high,low,6,cloudflare,,,28/09/2026 15:09
f55826ff-96bf-44ea-867f-e0fc2931e3b0,sealed.storage,available,465.95,500.2,high,low,6,spaceship,,,27/09/2026 18:59
bedf6aa8-4936-4147-888d-39128dfced53,arbor.storage,available,509.99,529.99,high,low,5,namesilo,,,20/09/2026 00:48
4ef4685c-4317-45da-81f3-1fc3fd41adea,fixed.storage,available,538.98,858,high,low,5,namecheap,,,24/09/2026 19:10
74712c48-b272-4fc3-891a-282cf2ba2487,blasphemer.storage,available,509.99,529.99,medium,low,10,namesilo,,,24/09/2026 04:14
ec36c33a-52f6-4b79-9ff2-f47a81f68464,bhakti.storage,available,509.99,529.99,medium,low,6,namesilo,,,23/09/2026 12:33
28b81cfe-c3bd-4d20-b15b-24c28e14a38c,outcast.storage,available,509.99,529.99,high,low,7,namesilo,,,18/08/2026 15:35
402e4663-3976-4a65-8913-2d8f5f4c996c,commence.storage,available,509.99,529.99,high,low,8,namesilo,,,23/09/2026 02:22
ef56391a-1f67-4d91-9380-8456be263041,adoptable.storage,available,509.99,529.99,high,low,9,namesilo,,,
2b5b16cb-ccae-4a65-a561-a20e288c2a6e,muslim.storage,available,509.99,529.99,high,medium,6,namesilo,,,22/08/2026 10:45
7f5a7674-83c9-4493-ab4f-8a69ba72700d,seaward.storage,available,509.99,529.99,medium,low,7,namesilo,,,22/08/2026 06:58
755f77a1-8694-4413-827d-84c52bcd8b3e,bannock.storage,available,509.99,529.99,medium,low,7,namesilo,,,22/09/2026 02:55
882184c2-3e0b-4b63-b4eb-718fd519bf0d,separate.storage,available,509.99,529.99,high,low,8,namesilo,,,24/09/2026 11:16
af7820c4-ba95-4d63-a76f-de5bf617c5e8,adventist.storage,available,509.99,529.99,high,low,9,namesilo,,,17/09/2026 10:33
17a397ed-b3e0-4cac-9f90-e1b14f59be0b,nazarene.storage,available,509.99,529.99,high,low,8,namesilo,,,14/08/2026 23:06
7243d44b-9b58-4a01-a4dd-bd07b32b7383,hound.storage,available,509.99,529.99,medium,low,5,namesilo,,,24/09/2026 02:24
40839346-1b9c-48aa-872a-33181660e14b,colon.storage,available,538.98,858,high,low,5,namecheap,,,20/09/2026 15:16
73fb96f5-a13a-45f3-a580-d26134eccf8e,atresia.storage,available,509.99,529.99,medium,low,7,namesilo,,,21/09/2026 00:42
5d4a1bd9-aac1-4a1c-8d81-c9baece7106f,haversack.storage,available,538.98,858,high,low,9,namecheap,,,21/09/2026 14:43
12501d70-4253-4d91-aed6-9f2a9313faac,clone.storage,available,509.99,529.99,high,low,5,namesilo,,,24/09/2026 15:51
5260ca38-36a5-45d3-8b6e-0ae96b0d1f09,ruin.storage,available,509.99,529.99,high,low,4,namesilo,,,08/08/2026 13:39
d1671596-d0b6-4c90-b32a-98e4e15305b5,runaway.storage,available,509.99,529.99,high,low,7,namesilo,,,18/08/2026 17:46
e16f7e9b-318b-42e6-953a-930a0f416797,conscious.storage,available,538.98,858,high,low,9,namecheap,,,23/09/2026 20:38
45ef3c66-15c9-4d85-9fdf-a36a2d45c2b2,benzyl.storage,available,509.99,529.99,high,low,6,namesilo,,,23/09/2026 09:03
aa3eb4e4-2a63-483b-9019-44e79250447c,behemoth.storage,available,509.99,529.99,high,low,8,namesilo,,,23/09/2026 03:24
bde369f5-c676-43a5-b731-6c2b03aa5b20,banqueting.storage,available,509.99,529.99,high,low,10,namesilo,,,22/09/2026 03:08
8cf04771-edf1-42c1-bf74-fc5be646ab9a,tutelary.storage,available,538.98,858,medium,low,8,namecheap,,,13/08/2026 12:21
4d23114a-b897-4990-a09f-3cb1121a1d5e,fitful.storage,available,509.99,529.99,medium,low,6,namesilo,,,18/08/2026 05:45
d4971749-9e90-4525-b9f4-5b0ead5301dc,carol.storage,available,509.99,529.99,high,low,5,namesilo,,,24/09/2026 13:02
a6662f48-1e62-4bdf-8b05-d8caafb2f674,general.storage,available,538.98,858,high,low,7,namecheap,,,18/08/2026 21:23
ffcba885-1779-4462-9964-7050fc7da874,bang.storage,available,500.2,500.2,high,low,4,cloudflare,,,28/09/2026 13:18
5a32dcd8-5102-4a3a-9734-34b2771ceab2,usaid.storage,available,465.95,500.2,medium,low,5,spaceship,,,28/09/2026 16:09
fb38cde7-2f3e-487e-bd27-929fd7fe2cce,subsequent.storage,available,509.99,529.99,high,low,10,namesilo,,,11/09/2026 00:44
dc0119db-c3e0-468d-a6f6-72f73baec1a7,billyo.storage,available,538.98,858,medium,low,6,namecheap,,,18/09/2026 09:10
fd13750b-ca7a-4e8a-9726-f32a90444d57,knackered.storage,available,509.99,529.99,medium,low,9,namesilo,,,22/08/2026 16:23
7779a7b7-91fd-4a36-a4c7-d5e890e7102f,remedy.storage,available,509.99,529.99,high,low,6,namesilo,,,13/08/2026 11:01
4e10eb1f-cea5-4969-9132-4609c5ed50dc,engraved.storage,available,509.99,529.99,high,low,8,namesilo,,,17/08/2026 07:40
cfcfaafb-bf78-4d7e-bc15-56bba035a76b,sleepy.storage,available,509.99,529.99,high,low,6,namesilo,,,10/09/2026 10:39
3ca80741-48d6-47a2-9992-5e296832db00,ridiculous.storage,available,509.99,529.99,high,low,10,namesilo,,,24/09/2026 06:27
9dbfae4f-030e-4d74-8070-5a11722a5129,diode.storage,available,538.98,858,high,low,5,namecheap,,,24/09/2026 20:00
9db43def-72fc-494f-9a58-ea8bc25b57d1,mercury.storage,available,538.98,858,high,medium,7,namecheap,,,09/09/2026 08:45
66b9cb07-ddf6-4241-88d5-481919f2b16a,details.storage,available,509.99,529.99,high,low,7,namesilo,,,
5ec67ab3-1e77-4c0e-81e2-041da75078a6,dizzy.storage,available,509.99,529.99,high,low,5,namesilo,,,
d2bb7faf-867f-441f-b3ad-cbd0085cc627,input.storage,available,509.99,529.99,high,low,5,namesilo,,,19/09/2026 11:49
9e46b3aa-e6eb-4ede-a48d-e10cbd22c05a,honk.storage,available,509.99,529.99,high,medium,4,namesilo,,,10/09/2026 07:42
e8304866-2aad-40f0-b575-043dac174281,able.storage,available,509.99,529.99,high,low,4,namesilo,,,21/09/2026 13:57
e961b36b-e68c-4820-8d72-83ee89250f10,intrinsic.storage,available,538.98,858,high,low,9,namecheap,,,25/09/2026 10:55
2e7bb23e-a11c-446f-9841-73f9c8f1c78f,sharpe.storage,available,509.99,529.99,medium,low,6,namesilo,,,26/09/2026 03:16
da0e8027-edb6-4eae-aca5-a785878aa475,columnar.storage,available,538.98,858,medium,low,8,namecheap,,,12/08/2026 18:14
eef652f6-3c3a-40e0-8b86-faf6b0569a72,finical.storage,available,509.99,529.99,medium,low,7,namesilo,,,18/08/2026 04:56
3ebf02fb-8593-4a95-b457-4b9a73e41a74,midget.storage,available,509.99,529.99,high,low,6,namesilo,,,08/08/2026 14:19
70552789-9d69-4b59-b877-389499620da7,pounding.storage,available,509.99,529.99,high,low,8,namesilo,,,11/09/2026 14:51
ccfafcbb-c7bd-42dc-8e2f-adbe7ebdd1e7,analyzable.storage,available,509.99,529.99,medium,low,10,namesilo,,,
171f3318-3ba3-4b61-8a7f-c8c3e5cd38a1,betrayal.storage,available,509.99,529.99,medium,low,8,namesilo,,,23/09/2026 11:24
80e661ae-5add-4aa7-bf78-5f486fa67ad3,jacques.storage,available,538.98,858,high,low,7,namecheap,,,25/09/2026 13:47
01a696c6-27d5-422d-8393-169f6cb8d0eb,mussy.storage,available,538.98,858,medium,low,5,namecheap,,,24/08/2026 21:24
0fabfb1f-0e88-4fe3-80c0-c0cdd95f858c,insidious.storage,available,509.99,529.99,medium,low,9,namesilo,,,22/08/2026 07:05
e9b85410-4382-4f9a-a2fc-9ec21637175a,handling.storage,available,509.99,529.99,high,low,8,namesilo,,,25/09/2026 23:04
5d9d3a22-d990-4e31-9c31-b8539cd765fc,shrugs.storage,available,509.99,529.99,medium,low,6,namesilo,,,20/09/2026 12:14
2bd670c3-75df-4ba5-935a-c18e88b6b8c5,threepenny.storage,available,509.99,529.99,medium,low,10,namesilo,,,10/09/2026 09:08
287ad62f-f2ee-4f42-ac85-a1f9cba4c4b8,murdoch.storage,available,899.99,999.99,medium,low,7,godaddy,,,28/09/2026 01:45
308e3063-8730-4b06-9687-f924f31a206e,cubistic.storage,available,509.99,529.99,medium,low,8,namesilo,,,13/08/2026 10:05
ad727eb4-2ca5-4796-b8e2-fbf974a2fc37,speaker.storage,available,509.99,529.99,high,low,7,namesilo,,,
66812f86-0bca-43e5-8caa-4172474bccbc,annul.storage,available,509.99,529.99,medium,low,5,namesilo,,,13/09/2026 06:39
c2231035-b444-42ae-8733-cc1ac5bd7ec2,mar.storage,available,538.98,858,high,low,3,namecheap,,,24/09/2026 05:35
6bc1cb74-a207-4b40-bc86-efa56190de79,leadplant.storage,available,509.99,529.99,medium,low,9,namesilo,,,18/09/2026 22:45
5e0b934c-4a8a-42ba-a326-366fe25d1150,upcoming.storage,available,509.99,529.99,high,low,8,namesilo,,,06/08/2026 08:39
d151c7d0-7e0f-4992-9b3e-fbfb23e42dd7,numbly.storage,available,509.99,529.99,low,low,6,namesilo,,,15/09/2026 08:39
ec6fc6bd-baf7-486b-bde0-169f41c997d0,springbuck.storage,available,509.99,529.99,medium,low,10,namesilo,,,19/09/2026 14:19
9c2e3dd6-b10b-4d25-8fae-2fa85e6e488e,hour.storage,available,465.95,500.2,high,low,4,spaceship,,,28/09/2026 16:53
c195a048-b376-4689-ab53-d096e5572372,musicians.storage,available,465.95,500.2,medium,low,9,spaceship,,,28/09/2026 17:31
a76f1c49-77a2-403a-af93-aff25bb4a03e,allopathic.storage,available,509.99,529.99,medium,low,10,namesilo,,,
f7f6e7d3-0e8b-4688-be31-8a4920997356,floors.storage,available,515.45,515.45,medium,low,6,porkbun,,,27/09/2026 22:02
4e8aa510-167c-476d-ba36-134beacacc10,murmuring.storage,available,509.99,529.99,high,low,9,namesilo,,,03/09/2026 11:06
47553470-d4f7-4700-bb50-cbeb4c11f113,joint.storage,available,509.99,529.99,high,low,5,namesilo,,,22/09/2026 08:50
fbcf3f5a-2c7c-48df-9135-336caace3cc8,describe.storage,available,509.99,529.99,high,low,8,namesilo,,,25/09/2026 12:37
1665d2ae-e62b-472a-a6d1-b025deddcecb,ascesis.storage,available,509.99,529.99,medium,low,7,namesilo,,,20/09/2026 13:10
3a27e268-95f7-4786-a413-b3d1f2c815f3,rule.storage,available,538.98,858,high,low,4,namecheap,,,03/09/2026 21:15
1d7789b0-0f3f-4299-9ccc-3dbbab653f93,stink.storage,available,509.99,529.99,high,low,5,namesilo,,,
ef9b9ac9-1a26-45f2-9587-338d3012d1bb,gwen.storage,available,465.95,500.2,high,low,4,spaceship,,,27/09/2026 19:20
765cb242-827c-473f-ae80-5860957b4297,meade.storage,available,799,949.99,high,low,5,name.com,,,27/09/2026 04:12
619e7805-789c-4ce6-976a-f787afffdb93,rustling.storage,available,509.99,529.99,high,low,8,namesilo,,,03/09/2026 11:20
3dd80d93-708d-4688-9f67-1a656c0d5ce9,chaldea.storage,available,509.99,529.99,medium,low,7,namesilo,,,21/09/2026 13:52
3a7b375e-5f41-4ebc-ba97-2429beaac150,amateur.storage,available,500.2,500.2,high,low,7,cloudflare,,,29/09/2026 03:23
9811fb8d-5544-4387-87d7-1cdf5a2b8f91,emily.storage,available,509.99,529.99,high,medium,5,namesilo,,,25/09/2026 14:07
8e8644b1-9c05-4a42-97d1-24ccdac5be1d,ang.storage,available,538.98,858,high,low,3,namecheap,,,17/09/2026 22:42
87a39b9d-a9d3-4a6e-85bc-9427dd4341dd,yellow.storage,available,509.99,529.99,high,medium,6,namesilo,,,23/09/2026 14:15
825c0d1b-5f2d-4048-afcb-1dc7dd463616,apneic.storage,available,509.99,529.99,medium,low,6,namesilo,,,06/08/2026 00:40
e6115b10-51b8-4bf6-ba8d-d2d28c8050c3,topically.storage,available,538.98,858,medium,low,9,namecheap,,,16/09/2026 09:16
5f430f9b-6da4-4c5d-b6a4-c7da251c789c,coupled.storage,available,509.99,529.99,high,low,7,namesilo,,,12/08/2026 22:15
ce5e3e92-350b-441d-93ed-941e7deedeeb,wide.storage,available,509.99,529.99,high,low,4,namesilo,,,28/09/2026 16:18
57e06423-f249-4b96-b160-9f143d8b7e60,dehydrated.storage,available,509.99,529.99,medium,low,10,namesilo,,,14/08/2026 00:06
e60753eb-22c7-4fbb-8091-b47be07fa634,understandable.storage,available,509.99,529.99,high,low,14,namesilo,,,
3d5f901c-f520-4d71-887c-fac8ae821b98,nonverbal.storage,available,538.98,858,medium,low,9,namecheap,,,03/09/2026 21:00
b10ce4bf-44db-44ce-8ce1-94f675ed3179,dwarf.storage,available,509.99,529.99,medium,low,5,namesilo,,,24/08/2026 22:31
08606277-c836-4ec7-a10c-cfa336763ca9,cleopatra.storage,available,509.99,529.99,high,low,9,namesilo,,,
2698758e-dee9-4637-8c66-e7f309212d02,quantum.storage,available,509.99,529.99,high,medium,7,namesilo,,,28/09/2026 15:10
2b8488af-6fbf-4d31-a852-af3ee84196a5,elena.storage,available,509.99,529.99,high,low,5,namesilo,,,27/09/2026 03:02
c3e63233-6f88-416e-b423-ecbd5e7a51fc,rudiment.storage,available,509.99,529.99,medium,low,8,namesilo,,,16/09/2026 14:36
87006aec-cbb0-4c1e-bbb0-65bf88975fa0,uninvited.storage,available,509.99,529.99,medium,low,9,namesilo,,,12/09/2026 13:33
1558ee46-6e6e-4f1e-ba50-c28af8cc4cc1,brainy.storage,available,509.99,529.99,high,low,6,namesilo,,,11/08/2026 01:53
dbd07be6-7a8a-45b5-b55a-1da89b99a13e,snakes.storage,available,509.99,529.99,high,low,6,namesilo,,,27/09/2026 06:49
458c86bf-1ec5-4d56-ac5c-e9a8d10ac886,forbidden.storage,available,509.99,529.99,medium,low,9,namesilo,,,18/08/2026 10:59
bf912f06-b104-4fb1-84cb-393d682f7ae9,bellbottom.storage,available,509.99,529.99,low,low,10,namesilo,,,09/08/2026 13:21
d7ee502d-147f-4eb8-9b1a-e59a568f8cca,autogenic.storage,available,509.99,529.99,medium,low,9,namesilo,,,07/08/2026 20:21
a35d40e7-2754-42b7-8d52-2cd707ce3474,azt.storage,available,509.99,529.99,high,low,3,namesilo,,,21/09/2026 11:33
e6313201-a1f5-477a-828a-cdd68be28b98,bowen.storage,available,509.99,529.99,high,low,5,namesilo,,,25/09/2026 12:42
e510802a-b698-4513-a134-460f4b82fb09,motorcar.storage,available,538.98,858,high,low,8,namecheap,,,21/09/2026 05:29
8809365e-361d-42ff-a203-9cf4a083ff8b,exclaimed.storage,available,509.99,529.99,medium,low,9,namesilo,,,18/09/2026 01:31
c6aaa53e-fbdd-41ca-b603-cf01b8186638,doubtless.storage,available,509.99,529.99,high,low,9,namesilo,,,14/09/2026 13:54
a5319bbb-c064-4243-abe3-aeb7aafc1a52,returned.storage,available,509.99,529.99,high,low,8,namesilo,,,
7d5465ea-17fe-4513-aa82-910efba31678,emil.storage,available,509.99,529.99,high,low,4,namesilo,,,25/09/2026 15:33
74a51fbf-039b-44a2-b219-a5b67f97b09d,abutilon.storage,available,538.98,858,medium,low,8,namecheap,,,16/09/2026 19:21
708421f4-e38f-45dc-864e-aabaae0a42e7,barograph.storage,available,509.99,529.99,medium,low,9,namesilo,,,22/09/2026 06:59
e0f78370-871a-44c5-abfb-96ce2beccdbe,fleeting.storage,available,509.99,529.99,high,low,8,namesilo,,,18/08/2026 07:51
620ba437-b301-4d5a-990e-cf9669a853ad,coyol.storage,available,509.99,529.99,medium,low,5,namesilo,,,17/09/2026 03:38
b0617fc9-8b5a-4b2d-988a-71aefd1b53b2,allosaur.storage,available,509.99,529.99,medium,low,8,namesilo,,,18/09/2026 12:04
2c069e51-c418-405a-9a83-00ce563b0b8e,opposable.storage,available,509.99,529.99,high,low,9,namesilo,,,06/08/2026 07:43
401a345b-fdff-427a-b553-3e8c1229e5d4,hollering.storage,available,509.99,529.99,medium,low,9,namesilo,,,23/09/2026 06:21
32dde862-5e09-4ca5-9053-215933dbe334,obdurate.storage,available,538.98,858,medium,low,8,namecheap,,,13/08/2026 12:15
015feda7-7b23-4d45-97b9-f70d5efec81e,alisma.storage,available,509.99,529.99,medium,low,6,namesilo,,,18/09/2026 08:02
48e8ec38-0027-4b50-8d39-0b144c4fe6d3,bangs.storage,available,509.99,529.99,medium,low,5,namesilo,,,16/09/2026 16:40
22ac4b53-6b21-4c92-a044-517e2cfda2f7,lookout.storage,available,509.99,529.99,high,low,7,namesilo,,,
ce38c420-9dd2-4c8b-96a4-c00496e62625,arame.storage,available,509.99,529.99,medium,low,5,namesilo,,,19/09/2026 23:56
9453d549-a8ff-464e-9144-5c77bb129121,haunting.storage,available,509.99,529.99,medium,low,8,namesilo,,,21/08/2026 01:34
5bff8de1-db10-42ec-bda7-41f0b20b470f,mueller.storage,available,509.99,529.99,high,low,7,namesilo,,,26/09/2026 03:22
c31c4f78-5d89-4974-8a96-8890cf8a0903,colleague.storage,available,509.99,529.99,high,low,9,namesilo,,,24/09/2026 16:08
7efb09cb-ab96-4781-b6d5-68aefca6e30a,computer.storage,available,500.2,500.2,high,medium,8,cloudflare,,,28/09/2026 08:32
ec46b399-91a9-4bc7-bb63-951300f00d4f,murdered.storage,available,509.99,529.99,medium,low,8,namesilo,,,03/09/2026 11:02
7118ee76-4d12-488e-9dd5-467012a8e2c5,verpa.storage,available,538.98,858,medium,low,5,namecheap,,,23/09/2026 05:34
359ab045-e5cd-4a6d-aa20-42ce5c67333c,prima.storage,available,509.99,529.99,high,low,5,namesilo,,,09/09/2026 02:00
24c4f8c3-50ee-41eb-bb7a-512eafd5cd32,dogsledding.storage,available,509.99,529.99,medium,low,11,namesilo,,,20/09/2026 01:02
c7bc6af2-b6ff-4719-affd-24dbbb354ab7,ralph.storage,available,509.99,529.99,high,high,5,namesilo,,,25/09/2026 11:33
57ae4fe5-45ca-4478-a583-6cc61bc7816c,rico.storage,available,509.99,529.99,high,low,4,namesilo,,,19/09/2026 14:11
801db531-e62e-4a95-8b24-f05f019c5343,varying.storage,available,509.99,529.99,high,low,7,namesilo,,,13/09/2026 01:31
c93981a3-aa3a-4333-8a43-242b4ee2b1f7,whitaker.storage,available,465.95,500.2,high,low,8,spaceship,,,27/09/2026 20:44
fc183e61-3b8a-4d53-b6ed-77abaad9ebe4,soundly.storage,available,538.98,858,medium,low,7,namecheap,,,16/09/2026 05:34
59c5da20-1c05-422f-bda4-d155107abcef,pigheaded.storage,available,509.99,529.99,medium,low,9,namesilo,,,11/08/2026 08:32
2dfdbe67-942a-45b9-9ef5-0dc9e1692d22,moose.storage,available,538.98,858,high,low,5,namecheap,,,18/09/2026 03:57
fa55bda4-1a78-4dd7-9ba7-b734ea11fb45,rheumatic.storage,available,509.99,529.99,medium,low,9,namesilo,,,06/08/2026 23:05
c65207a2-a1b4-4926-8878-a95563f6cc10,hut.storage,available,538.98,858,high,low,3,namecheap,,,20/09/2026 07:59
0a7ce305-a33a-4db2-bd98-5c88b859d478,garcia.storage,available,538.98,858,high,low,6,namecheap,,,25/09/2026 20:50
d94ca01e-854c-4fc7-9995-d95e16edd500,fatherly.storage,available,509.99,529.99,high,low,8,namesilo,,,17/08/2026 23:36
61ef4149-16a0-4381-b97f-0361b31fe6e9,avaricious.storage,available,509.99,529.99,medium,low,10,namesilo,,,07/08/2026 21:48
1d25d296-dbcc-49d0-82f1-db82cd5dbed5,ivy.storage,available,509.99,529.99,high,low,3,namesilo,,,
00097a06-b615-4db9-8be5-8a40d71bf2b2,bettor.storage,available,509.99,529.99,medium,low,6,namesilo,,,23/09/2026 11:49
4756ef8f-6e83-48a7-98a2-f465a83669b1,cooling.storage,available,509.99,529.99,high,low,7,namesilo,,,12/08/2026 05:28
ee9ee146-ae3e-4e84-9254-17139ef8fb8c,sabin.storage,available,538.98,858,medium,low,5,namecheap,,,18/09/2026 02:37
b1988d38-5bab-4035-aa1c-f393f062e402,check.storage,available,509.99,529.99,high,medium,5,namesilo,,,04/09/2026 07:44
61fb166e-9d4b-419e-8d96-92c208aa233a,outfit.storage,available,509.99,529.99,high,low,6,namesilo,,,27/09/2026 13:44
c1053aee-fd84-434f-aa41-7bd1eed797bf,pureblood.storage,available,509.99,529.99,medium,low,9,namesilo,,,08/09/2026 13:00
f430aad6-cffa-4cb7-a456-a341899573cc,blackburn.storage,available,509.99,529.99,high,low,9,namesilo,,,24/09/2026 02:11
9722706b-a7dd-4a7e-98db-de5ddca3e101,exportable.storage,available,509.99,529.99,high,low,10,namesilo,,,17/08/2026 18:35
34d49909-81f0-4285-ac48-d411f959888f,funk.storage,available,500.2,500.2,medium,low,4,cloudflare,,,28/09/2026 13:33
74c680de-5ffb-43c8-b8ac-d0f91fbcea29,americana.storage,available,538.98,858,high,low,9,namecheap,,,18/09/2026 21:03
0d9cdcf4-87fd-43e3-aefe-9a4d484cce07,btu.storage,available,538.98,858,high,low,3,namecheap,,,21/09/2026 11:58
c834ecba-0ce4-496b-9568-0ce549e9d85c,evidential.storage,available,509.99,529.99,high,low,10,namesilo,,,17/08/2026 15:02
28877ef9-a893-4a9f-bc89-4ad825b7c07e,astor.storage,available,509.99,529.99,medium,low,5,namesilo,,,20/09/2026 17:29
8062b12d-1b1d-4660-8f55-3e0a8025f3af,alternator.storage,available,509.99,529.99,medium,low,10,namesilo,,,18/09/2026 14:48
83ef20bd-5b7e-4d4d-ac42-edcef8668c1a,crow.storage,available,509.99,529.99,high,low,4,namesilo,,,11/08/2026 00:56
1bc36de9-7936-42e7-a15b-5bbdc02a8425,crackle.storage,available,509.99,529.99,high,low,7,namesilo,,,13/08/2026 04:25
6ad425d0-00c7-43a7-9772-1a8e99f32cd9,disclaimer.storage,available,538.98,858,high,low,10,namecheap,,,24/09/2026 22:28
0c8b60cb-d0e0-4c85-a82c-ecb163e41836,discordant.storage,available,509.99,529.99,medium,low,10,namesilo,,,14/08/2026 10:00
676bd259-2267-472c-b235-ba8407a0b226,unbeaten.storage,available,509.99,529.99,high,low,8,namesilo,,,12/09/2026 01:45
7ea530ad-ffd1-407f-ba11-1126c587a40c,pompous.storage,available,509.99,529.99,medium,low,7,namesilo,,,12/08/2026 00:37
d9b606b3-c830-405b-bcf7-11b16b65d645,rally.storage,available,538.98,858,high,medium,5,namecheap,,,21/09/2026 19:55
fb4d6a8d-e370-47f7-af85-504fb042dcd9,tractile.storage,available,509.99,529.99,medium,low,8,namesilo,,,11/09/2026 18:39
e859bf6e-6108-4884-ba35-b603ef9a9743,loomis.storage,available,509.99,529.99,medium,low,6,namesilo,,,28/09/2026 12:17
bb2388ba-6694-46d1-99fe-8f111caf76d0,nestled.storage,available,509.99,529.99,high,low,7,namesilo,,,03/09/2026 15:46
d5c111b9-ddc9-4d82-8e23-c7388a659f02,roughneck.storage,available,509.99,529.99,medium,low,9,namesilo,,,11/08/2026 08:43
97327228-f69a-49ad-958d-58467eaea3bd,stretched.storage,available,509.99,529.99,medium,low,9,namesilo,,,10/09/2026 22:34
c6dfc1ae-4ce2-44da-a30f-984c6af9f4f0,gizmo.storage,available,509.99,529.99,high,low,5,namesilo,,,19/09/2026 21:49
64631071-e6ea-4ed6-8383-46ada331a171,virago.storage,available,509.99,529.99,medium,low,6,namesilo,,,18/09/2026 16:19
4a62e9de-dc85-4501-bb45-4e79fde19ac2,joints.storage,available,509.99,529.99,medium,low,6,namesilo,,,20/09/2026 03:38
45384e97-bb2c-4020-8f8e-577f7ef7ca71,careless.storage,available,538.98,858,high,low,8,namecheap,,,23/09/2026 12:52
53edc0fa-cc7c-4e5a-814c-e256f6b10bc7,suspense.storage,available,799,,high,low,8,name.com,,,
1d47b79b-e756-4bd6-aedf-8d6860a1905a,sycamore.storage,available,509.99,529.99,high,low,8,namesilo,,,16/09/2026 23:36
7ab43065-3bc0-4ec7-a6c4-8440d772865b,allylic.storage,available,509.99,529.99,medium,low,7,namesilo,,,
0e089c35-e906-4029-b7b9-7e9d353fd5cb,diverting.storage,available,509.99,529.99,medium,low,9,namesilo,,,
ceb852bf-c0ae-4554-bb12-39bc78ad6b1c,santo.storage,available,509.99,529.99,high,low,5,namesilo,,,25/09/2026 11:17
e2d46eed-88aa-4669-9c58-68319e9f2b86,uppermost.storage,available,538.98,858,medium,low,9,namecheap,,,11/09/2026 17:48
d3ca6f78-05e6-4af1-8a34-5123abd33320,heartthrob.storage,available,509.99,529.99,high,low,10,namesilo,,,
dcc8ad6d-2c06-4700-adf2-745887f6d699,lyons.storage,available,538.98,858,high,low,5,namecheap,,,25/09/2026 06:03
12db5295-0bae-412c-8759-d7825c58ae0b,fellows.storage,available,538.98,858,high,low,7,namecheap,,,25/09/2026 13:03
c00b26b7-2e22-47e5-8db4-2c984d425bd2,bulky.storage,available,509.99,529.99,high,low,5,namesilo,,,23/09/2026 10:36
d2af399a-0d15-4003-b4f9-20f028cae421,ellison.storage,available,509.99,529.99,high,low,7,namesilo,,,27/09/2026 03:49
3a2d3ab8-db9c-4406-960b-c166e13bfac1,baffling.storage,available,509.99,529.99,medium,low,8,namesilo,,,08/08/2026 08:02
ac6bd117-a75d-4260-8fd7-175daa9d07b1,gonzalez.storage,available,509.99,529.99,high,low,8,namesilo,,,25/09/2026 16:13
4350b1a4-3ce2-46e7-8cfd-ecb330f7233c,hueless.storage,available,509.99,529.99,medium,low,7,namesilo,,,21/08/2026 14:36
c80a5604-53f8-4dcd-81c6-36f4881465de,coulomb.storage,available,538.98,858,medium,low,7,namecheap,,,18/09/2026 23:08
8b1365a7-e08f-44e5-931f-743ba15fcf42,raid.storage,available,465.95,500.2,high,low,4,spaceship,,,28/09/2026 09:48
1e1e9f39-3512-4a7f-9844-50a2b3e56a65,omnivorous.storage,available,509.99,529.99,medium,low,10,namesilo,,,04/09/2026 13:56
3a7a51dd-c53d-48bb-8375-fb6e87a46e18,amigo.storage,available,538.98,858,high,low,5,namecheap,,,18/09/2026 21:37
63ff6dda-f253-44c2-af7e-98dd08e88875,ascendency.storage,available,538.98,858,high,low,10,namecheap,,,20/09/2026 13:06
e11c9368-41b8-4f3a-98fe-31b07c10163c,bambino.storage,available,509.99,529.99,high,low,7,namesilo,,,22/09/2026 00:39
696e15c2-3d72-4a46-9e3e-8eb0b46c5489,reverse.storage,available,538.98,858,high,low,7,namecheap,,,23/09/2026 22:34
c0aa8678-b128-46aa-aff4-933457d6fff7,quiz.storage,available,509.99,529.99,high,low,4,namesilo,,,27/09/2026 02:23
289dc2ce-d2fe-4221-a94f-4d51bf8a322a,dishcloth.storage,available,509.99,529.99,medium,low,9,namesilo,,,24/09/2026 22:40
76bc6e00-e9c4-45b5-ba8f-d1378c6cb6c8,xix.storage,available,538.98,858,high,low,3,namecheap,,,21/09/2026 12:08
fc1d9c4f-eac4-4434-8a78-f404ef098423,destinations.storage,available,509.99,529.99,high,low,12,namesilo,,,20/09/2026 11:44
29372824-547d-4ae8-ae05-b54f77e53ba8,tactless.storage,available,509.99,529.99,medium,low,8,namesilo,,,11/09/2026 07:02
e4011661-a1fe-42bd-864d-65271ae128b2,pennies.storage,available,509.99,529.99,medium,low,7,namesilo,,,
a86905ff-0848-40ee-ac27-c8148f465316,stalking.storage,available,500.2,500.2,medium,low,8,cloudflare,,,28/09/2026 20:33
c3ecd6eb-7017-4a28-bc4a-e706b90ca94d,carl.storage,available,509.99,529.99,high,medium,4,namesilo,,,25/09/2026 11:30
03ca276e-c192-4664-8d0b-8f57e13220a7,exact.storage,available,509.99,529.99,high,low,5,namesilo,,,24/09/2026 15:46
633e9e27-e710-4c1b-8ba3-2d313b9dc0ad,armful.storage,available,509.99,529.99,medium,low,6,namesilo,,,20/09/2026 06:50
9e4158f5-d90a-4f7e-877b-ad392e73acda,polyhedral.storage,available,509.99,529.99,medium,low,10,namesilo,,,08/09/2026 23:24
993eba12-614e-4780-ab33-591e46e1c2a0,prodromic.storage,available,509.99,529.99,medium,low,9,namesilo,,,09/09/2026 02:46
9d9c1789-ae86-4e5e-a769-ad77e76cda1c,effeminate.storage,available,509.99,529.99,medium,low,10,namesilo,,,12/08/2026 08:34
e71bdc6f-15fd-48da-9f06-6e25316293e8,poultry.storage,available,509.99,529.99,high,low,7,namesilo,,,24/09/2026 23:24
09859f95-ead4-4759-9793-76e405a52988,necrotic.storage,available,509.99,529.99,medium,low,8,namesilo,,,03/09/2026 14:45
6e2cdce8-2bf4-4ec3-89da-d5b62c29fc68,taunton.storage,available,500.2,500.2,medium,low,7,cloudflare,,,28/09/2026 05:05
6aaed267-0c36-4de8-86a9-1ef4b53b29cf,laxly.storage,available,509.99,529.99,low,low,5,namesilo,,,15/09/2026 11:08
21f08fcf-872f-4fb3-a128-3c66d34f87cf,plea.storage,available,538.98,858,high,low,4,namecheap,,,28/09/2026 06:36
d5d5a7ae-8ed6-4349-afdd-c642c069c1f2,abrader.storage,available,538.98,858,medium,low,7,namecheap,,,16/09/2026 16:48
898189ed-9449-4b4d-b401-6e7c485adfdf,vertebral.storage,available,509.99,529.99,medium,low,9,namesilo,,,13/09/2026 04:33
346f54a8-14e5-4cdd-9e82-06a76c4163a0,doctors.storage,available,509.99,529.99,high,low,7,namesilo,,,18/09/2026 07:41
9dffedec-a845-47c1-a17e-325687e143a5,basra.storage,available,509.99,529.99,medium,low,5,namesilo,,,22/09/2026 10:33
5c18bfee-b63a-430a-87f1-1f9bef7ccebd,nutritious.storage,available,799,949.99,high,low,10,name.com,,,19/09/2026 11:02
0ea23cd4-39d2-43d2-b6e1-ce11d1b1f697,sherlock.storage,available,465.95,500.2,high,low,8,spaceship,,,28/09/2026 15:08
34e0b25b-5442-4262-bf69-ba9006620a4f,detest.storage,available,509.99,529.99,medium,low,6,namesilo,,,
8422ddcc-5e37-42c7-864c-c1f5db54fc3e,combat.storage,available,538.98,858,high,low,6,namecheap,,,27/09/2026 06:33
9d2fda2b-e28d-47c7-bcb2-235d61ad4536,coordinator.storage,available,535.22,535.22,high,low,11,dynadot,,,28/09/2026 21:26
e4aca991-9255-49a1-a105-4b36366cad09,larghetto.storage,available,538.98,858,medium,low,9,namecheap,,,22/08/2026 19:57
f85ed4f5-8390-499e-b673-2d52de6f15ff,changeling.storage,available,538.98,858,medium,low,10,namecheap,,,21/08/2026 20:30
f58555a3-abd5-4664-88b7-9ecc1eacc2ef,visualize.storage,available,509.99,529.99,high,low,9,namesilo,,,24/09/2026 16:39
c7c36655-7423-4beb-b3e9-3ce22a0db526,evoked.storage,available,509.99,529.99,medium,low,6,namesilo,,,16/08/2026 04:33
9c725bca-fe73-4edd-b3d2-8693c55db3b3,cheeky.storage,available,509.99,529.99,high,low,6,namesilo,,,11/08/2026 02:26
7aefb407-48c5-4626-bc15-7747284c9e5b,marital.storage,available,509.99,529.99,high,low,7,namesilo,,,24/08/2026 15:56
d402c7f6-96c8-4f22-9e85-d8bd547d6ccd,violent.storage,available,509.99,529.99,high,low,7,namesilo,,,11/09/2026 09:46
dd9cc480-2915-4f1f-9566-c91f95ebc28b,particles.storage,available,509.99,529.99,medium,low,9,namesilo,,,
0268d630-00a6-4bae-b407-425796e47c85,sprouted.storage,available,509.99,529.99,medium,low,8,namesilo,,,10/09/2026 16:55
9a25f0d8-8771-46da-9fa6-6a18b569cbca,stereotype.storage,available,799,,high,low,10,name.com,,,
ddf241a6-a4af-4805-a9c4-733124b0e959,necessary.storage,available,509.99,529.99,high,low,9,namesilo,,,24/09/2026 15:21
d6c15069-c8ae-40a5-9cb1-f88af1e48e3e,view.storage,available,509.99,529.99,high,low,4,namesilo,,,
aeb552f3-75ec-467e-946d-ee85ae2c8dc9,recurvate.storage,available,509.99,529.99,high,medium,9,namesilo,,,09/09/2026 12:07
f4f313f6-9fef-44a8-82e9-92547c733ba9,supply.storage,available,509.99,529.99,high,low,6,namesilo,,,28/09/2026 08:29
b5410a39-6d44-4c1f-8c4f-25628daf9ca8,longways.storage,available,509.99,529.99,medium,low,8,namesilo,,,22/08/2026 23:44
b0405e0f-1362-41da-8fec-f4969dc3cfc2,glib.storage,available,509.99,529.99,medium,low,4,namesilo,,,20/08/2026 14:26
6f50deb3-d974-4c5c-98c5-1d22bc3aba6d,cetacean.storage,available,509.99,529.99,medium,low,8,namesilo,,,12/08/2026 01:02
10993736-b45f-47ab-8711-888d4e698edc,reportable.storage,available,509.99,529.99,medium,low,10,namesilo,,,09/09/2026 14:36
ee49bc86-ef2c-4ef7-839c-bddbc39d5195,asymptotic.storage,available,509.99,529.99,medium,low,10,namesilo,,,07/08/2026 10:30
a6c7461d-9b69-441e-bde1-c8fc0eaeaf3c,awol.storage,available,509.99,529.99,high,low,4,namesilo,,,08/08/2026 01:46
ae286c0b-4126-4fb9-9487-21a4d7fe9ddd,splits.storage,available,509.99,529.99,high,low,6,namesilo,,,20/09/2026 07:59
4102de1c-5a83-41ea-a43c-c5d2ba8cd8fb,tracey.storage,available,509.99,529.99,medium,low,6,namesilo,,,28/09/2026 21:51
024e12a0-4bc4-4995-8a35-c7e88a29e0f7,sugarless.storage,available,509.99,529.99,medium,low,9,namesilo,,,19/09/2026 15:11
efaad27f-560b-4219-81ec-4b053786ad91,positions.storage,available,509.99,529.99,medium,low,9,namesilo,,,19/09/2026 00:35
25f47c91-5252-4b64-ac2b-ef19001694a1,ahuehuete.storage,available,538.98,858,medium,low,9,namecheap,,,17/09/2026 20:34
60a72944-0532-4a7e-8b1d-7994725d8032,tidily.storage,available,509.99,529.99,high,low,6,namesilo,,,16/09/2026 09:05
8eca689c-3da5-49e2-a54f-6c5d91f08f58,sixpenny.storage,available,509.99,529.99,high,low,8,namesilo,,,10/09/2026 09:06
916fd2df-4d97-49ad-bfd5-7b7f31117a4b,aerides.storage,available,509.99,529.99,medium,low,7,namesilo,,,17/09/2026 12:51
a6b79990-7d66-4c93-a592-37571748e277,dee.storage,available,465.95,500.2,high,low,3,spaceship,,,28/09/2026 03:28
d11684a5-f403-4fa8-ae9d-60007f4378a5,cyprinid.storage,available,799,949.99,medium,low,8,name.com,,,13/08/2026 14:27
3d36d6f6-4db0-4b84-8627-c2f86051b6c4,extended.storage,available,538.98,858,high,low,8,namecheap,,,14/08/2026 18:31
9aac6e3d-a806-491f-9742-db05f255857d,blaming.storage,available,465.95,500.2,medium,low,7,spaceship,,,28/09/2026 18:00
7db24b5b-e170-4b68-ad82-433cdc4c3e3a,banning.storage,available,509.99,529.99,medium,low,7,namesilo,,,18/08/2026 11:11
75941874-740c-47ad-9072-4b37084368bc,chilling.storage,available,509.99,529.99,medium,low,8,namesilo,,,12/08/2026 05:19
f8e65e72-1bbc-424d-adbb-bcc761dc109e,profitable.storage,available,509.99,529.99,high,low,10,namesilo,,,27/09/2026 07:05
c8af0817-e78f-4b6f-9924-f9854105e8c8,curtis.storage,available,509.99,529.99,high,low,6,namesilo,,,25/09/2026 04:28
19155b57-d5a5-4a27-913a-4984a8df3a5c,peanuts.storage,available,500.2,500.2,high,low,7,cloudflare,,,28/09/2026 02:53
0e5c9792-5c24-4fb9-9666-37d71a812ae1,lxv.storage,available,509.99,529.99,medium,low,3,namesilo,,,
027fb810-8842-407e-a1e8-1a2b0f2fcf3d,thrilly.storage,available,538.98,858,medium,low,7,namecheap,,,18/09/2026 19:36
a9037538-fd70-428f-8188-450d602b1045,aurorean.storage,available,509.99,529.99,medium,low,8,namesilo,,,07/08/2026 18:12
99837a4f-772c-4630-ade3-616e340db211,andrena.storage,available,538.98,858,medium,low,7,namecheap,,,19/09/2026 04:31
f2b1e17b-f2d6-4096-8a0f-288729e83b81,pbs.storage,available,509.99,529.99,high,low,3,namesilo,,,25/09/2026 09:49
6d75ef20-9567-4ade-8e51-364d1d39add0,clifton.storage,available,538.98,858,medium,low,7,namecheap,,,25/09/2026 19:29
d21acca2-1859-49af-9fea-e76670617fc7,saturnine.storage,available,509.99,529.99,medium,low,9,namesilo,,,20/08/2026 15:03
d1241051-68df-4538-b7ce-5b3d949b8317,engineer.storage,available,509.99,529.99,high,low,8,namesilo,,,28/09/2026 02:49
2015f98d-a4dd-416e-a4ba-3726e967805f,mesmerized.storage,available,509.99,529.99,high,low,10,namesilo,,,17/08/2026 22:50
10760327-52d4-4e45-89b5-a59a6dc9cc47,streaked.storage,available,509.99,529.99,medium,low,8,namesilo,,,10/09/2026 22:16
d181b6fc-d3b6-4df2-b339-16e68920ecc3,capillary.storage,available,538.98,858,high,low,9,namecheap,,,11/08/2026 17:53
fcbbd619-a258-4b7b-92f3-00658cb78d98,sadducean.storage,available,538.98,858,high,medium,9,namecheap,,,09/09/2026 20:42
40efe952-416f-41c1-8cb1-d15ea3995815,uprightly.storage,available,509.99,529.99,medium,low,9,namesilo,,,15/09/2026 01:06
74b22817-a270-4219-bc8d-7c4eeb3f64a9,span.storage,available,500.2,500.2,high,low,4,cloudflare,,,29/09/2026 00:16
ec440b4e-47c5-462f-9e2a-b362a6aae3c9,unladylike.storage,available,509.99,529.99,medium,low,10,namesilo,,,12/09/2026 14:39
ad6a0724-7f74-4116-a5ff-6f56651c7d2e,enlarge.storage,available,509.99,529.99,high,low,7,namesilo,,,15/08/2026 23:49
1774af0f-4d14-4d57-b3ee-c711e039e68c,overfull.storage,available,509.99,529.99,medium,low,8,namesilo,,,20/08/2026 15:31
4c56fec4-33ef-4289-b702-461085bfbe59,furnishings.storage,available,538.98,858,high,low,11,namecheap,,,16/09/2026 18:36
63f6cc43-35c2-4254-861f-3c5996a6f66d,unmannered.storage,available,509.99,529.99,low,low,10,namesilo,,,08/08/2026 07:28
7167e338-3dca-449f-9ffc-d578eb4ae06c,arista.storage,available,509.99,529.99,high,high,6,namesilo,,,20/09/2026 05:45
4bdde734-c50b-44d3-95bd-3ea497b0e42a,grady.storage,available,535.22,535.22,medium,low,5,dynadot,,,28/09/2026 08:08
47dd25a4-119e-4c91-8fc9-f7be40fe0c1b,rebel.storage,available,509.99,529.99,high,medium,5,namesilo,,,22/08/2026 07:47
b416cdb2-c9f0-4e40-a7db-a20d592df02a,photographs.storage,available,538.98,858,high,low,11,namecheap,,,27/09/2026 09:34
c301a9dc-7045-4faf-8b73-d36711cde6ac,danseuse.storage,available,509.99,529.99,medium,low,8,namesilo,,,21/09/2026 22:50
badab594-bef2-466a-9691-672440a6a521,deciding.storage,available,538.98,858,high,low,8,namecheap,,,13/08/2026 21:23
3c96974a-b0d7-418e-a327-25937a153600,listen.storage,available,509.99,529.99,high,low,6,namesilo,,,
f31aaf17-b319-4b3d-a734-2f97c44512d1,costate.storage,available,509.99,529.99,medium,low,7,namesilo,,,13/08/2026 03:06
23f9e0d8-0912-496e-af07-f213cc0de207,unpleasant.storage,available,509.99,529.99,medium,low,10,namesilo,,,12/09/2026 16:58
ab7ee29f-55cc-4776-80fc-dbe855776cbf,disconnect.storage,available,509.99,529.99,high,low,10,namesilo,,,
c5652ef5-1834-4f1b-8435-575893f0dd35,endoscopic.storage,available,509.99,529.99,medium,low,10,namesilo,,,17/08/2026 01:19
611a6c7b-5bae-4c40-a005-c14438ff1466,xoxoxo.storage,available,509.99,529.99,high,low,6,namesilo,,,
64bddfc6-7d75-4410-82de-a26f4b584f12,monotonous.storage,available,509.99,529.99,medium,low,10,namesilo,,,25/08/2026 05:30
a78d92c8-1747-4bb0-aa06-59ce467dc3f8,louise.storage,available,509.99,529.99,high,low,6,namesilo,,,25/09/2026 13:47
b5300675-ecc6-46ff-8348-dea6c3ee9d19,portsmouth.storage,available,538.98,858,high,low,10,namecheap,,,25/09/2026 10:02
80b69de0-e4c6-4fb6-8186-911d110fb73b,stearns.storage,available,465.95,500.2,medium,low,7,spaceship,,,28/09/2026 12:25
bd1bea90-8883-4a76-8fe7-6f9773d8cbc5,depicted.storage,available,509.99,529.99,medium,low,8,namesilo,,,14/08/2026 02:12
6cf0e13f-f07c-4785-85ce-23eb57a735dd,stellar.storage,available,509.99,529.99,high,medium,7,namesilo,,,22/09/2026 10:32
80a82ffd-7c88-4242-b3f0-a5890efcb617,quotes.storage,available,538.98,858,high,low,6,namecheap,,,18/09/2026 21:27
20f81f04-34ae-49bb-8881-8cc1974e2609,bartok.storage,available,509.99,529.99,medium,low,6,namesilo,,,22/09/2026 09:23
e59a7425-844e-4850-839d-24f94969b279,heartsick.storage,available,509.99,529.99,medium,low,9,namesilo,,,11/08/2026 05:30
f5834ac4-051e-4cf4-9456-3f54a2b0037e,aerophagia.storage,available,509.99,529.99,medium,low,10,namesilo,,,17/09/2026 13:11
2464217f-ff85-4ea6-bad8-1fcaddaa70f3,charge.storage,available,509.99,529.99,high,low,6,namesilo,,,28/09/2026 22:08
07f25b35-2d63-499f-b509-f08c5d907e2d,heliacal.storage,available,509.99,529.99,medium,low,8,namesilo,,,21/08/2026 06:23
89db6eb3-1a67-453f-b4e7-9e5e44c8fa41,trouble.storage,available,509.99,529.99,high,low,7,namesilo,,,24/09/2026 07:29
39a7e319-64e2-449d-80ff-876d43ee828c,luz.storage,available,500.2,500.2,medium,low,3,cloudflare,,,28/09/2026 21:47
fd99a315-bcad-4041-9efe-90144545a331,vanderbilt.storage,available,509.99,529.99,high,low,10,namesilo,,,25/09/2026 04:24
6bcdf90c-c555-4478-afab-440934b65cb6,liberate.storage,available,509.99,529.99,high,low,8,namesilo,,,18/08/2026 14:32
a0ec84ca-0602-4eaf-927b-0da17d34a873,bushwhack.storage,available,509.99,529.99,medium,low,9,namesilo,,,18/09/2026 17:32
9e3f3515-79ae-4b02-9f3e-08e79c72942f,photography.storage,available,509.99,529.99,high,low,11,namesilo,,,28/09/2026 07:43
1cf34ae5-06f3-4496-bfe0-af230fa05e7c,westport.storage,available,465.95,500.2,medium,low,8,spaceship,,,28/09/2026 08:11
acdf2d86-3219-4277-b0f6-29a0e969e521,cow.storage,available,509.99,529.99,high,low,3,namesilo,,,
6590823a-5f2e-4977-9989-82029eee44e8,appellate.storage,available,509.99,529.99,medium,low,9,namesilo,,,06/08/2026 06:18
d36051c9-7340-4ceb-9684-0f3ce137167c,training.storage,available,538.98,858,high,low,8,namecheap,,,25/09/2026 03:18
33941257-ce4e-4ab3-aa43-e023eb1366ca,search.storage,available,509.99,529.99,high,medium,6,namesilo,,,
a4fcda86-1020-45ae-97ec-c1ce6e75b9ca,dentistry.storage,available,509.99,529.99,high,low,9,namesilo,,,24/09/2026 21:55
901169cb-3624-4580-9ac6-d8460b1cfe97,adventitia.storage,available,509.99,529.99,medium,low,10,namesilo,,,17/09/2026 10:36
18674bef-7512-4634-9d5b-e4490dce3a17,staff.storage,available,465.95,500.2,high,low,5,spaceship,,,28/09/2026 10:20
cd9edf37-44a1-4c6d-b354-a28a54e4f50f,teams.storage,available,538.98,858,high,low,5,namecheap,,,17/09/2026 19:00
c93c02e6-3d99-4415-af8d-1866b6aec821,quadrate.storage,available,509.99,529.99,high,low,8,namesilo,,,09/09/2026 07:17
7d2efff1-dfea-4619-af3d-c6b87ab13db1,ballerina.storage,available,509.99,529.99,high,low,9,namesilo,,,21/09/2026 22:49
677c3cdb-7f1c-40a6-a6b3-043938aa3a33,babyish.storage,available,509.99,529.99,medium,low,7,namesilo,,,08/08/2026 03:53
e8b80334-848b-4db6-a608-c99407fd853d,mantled.storage,available,538.98,858,medium,low,7,namecheap,,,14/08/2026 18:25
aab7ebd1-ac9d-4d67-8245-4a4e5ccdd4f2,thrilling.storage,available,509.99,529.99,high,low,9,namesilo,,,16/08/2026 02:41
703d6f9c-9851-41b6-bf57-5ad97724cf0e,filaria.storage,available,509.99,529.99,medium,low,7,namesilo,,,18/09/2026 06:14
83af05d8-ac52-4a86-9bbb-02ac3f0cc855,propranolol.storage,available,509.99,529.99,high,low,11,namesilo,,,20/09/2026 00:29
7969f9d4-3e3c-4235-8f62-e42cea6366dd,remover.storage,available,509.99,529.99,high,low,7,namesilo,,,
49973fad-56f3-4e79-a3ae-08af59351e81,thrilled.storage,available,509.99,529.99,high,low,8,namesilo,,,11/09/2026 14:36
7f59675d-7996-49e4-9a0a-0fe63816dafa,toiling.storage,available,538.98,858,medium,low,7,namecheap,,,14/08/2026 20:00
d3ea4404-cd58-4cc3-9dc1-55a3d8c8d7fd,consider.storage,available,509.99,529.99,high,low,8,namesilo,,,24/09/2026 05:21
cc866f88-2f4e-4e23-b0c2-ca09addf8994,weak.storage,available,509.99,529.99,high,low,4,namesilo,,,24/09/2026 04:57
a9e5f9f2-9a51-4481-8957-01f39af10461,martini.storage,available,509.99,529.99,high,low,7,namesilo,,,28/09/2026 14:50
d2cee126-5621-4549-a402-2a9a28c92098,acinonyx.storage,available,509.99,529.99,medium,low,8,namesilo,,,17/09/2026 01:31
4f0287b4-3829-4e8b-941a-f05b14ce2cf5,symbolical.storage,available,509.99,529.99,medium,low,10,namesilo,,,16/08/2026 09:33
45dca41b-5a91-409b-996d-7a63aa651ebc,enate.storage,available,538.98,858,medium,low,5,namecheap,,,16/08/2026 21:18
db54b96e-7796-4135-8272-b7b15df3de3f,taken.storage,available,509.99,529.99,high,low,5,namesilo,,,25/09/2026 10:20
d987e755-127b-4108-8fe1-348f3b14a3b1,fold.storage,available,535.22,535.22,high,low,4,dynadot,,,28/09/2026 14:00
0ac83097-9755-43d2-ba95-599763992dc2,thiamin.storage,available,509.99,529.99,medium,low,7,namesilo,,,19/09/2026 05:39
f036b35b-363b-41c6-a09d-f113cd4a69bb,chatterbox.storage,available,509.99,529.99,high,low,10,namesilo,,,21/09/2026 12:28
d535d12c-9b2e-4901-ab4a-98b894c325ad,knotted.storage,available,509.99,529.99,medium,low,7,namesilo,,,20/08/2026 15:40
18b74b6e-67c1-4561-a9ee-68a8a0950271,brinjal.storage,available,509.99,529.99,high,low,7,namesilo,,,21/09/2026 02:34
148ab0ae-3c60-449d-8a48-3ea49e95b42b,textured.storage,available,509.99,529.99,medium,low,8,namesilo,,,12/08/2026 14:07
fa7ac9f5-3093-4ac2-a114-887e1016d900,dogsit.storage,available,509.99,529.99,high,low,6,namesilo,,,
3b3b1ee2-bb44-4200-b085-c21877354ff2,appaloosa.storage,available,509.99,529.99,medium,low,9,namesilo,,,19/09/2026 19:45
ecfc2811-18f7-44d7-8336-cf819fca6d1c,sunken.storage,available,509.99,529.99,medium,low,6,namesilo,,,13/08/2026 22:55
54b04bc9-6f40-4cb7-bb8d-c221deaaa1a0,actias.storage,available,509.99,529.99,medium,low,6,namesilo,,,17/09/2026 04:29
3fefae0b-8a7b-4ec4-8c8d-cc71ffb601da,padded.storage,available,509.99,529.99,high,low,6,namesilo,,,13/08/2026 11:57
a1733a32-cf46-4fa3-987e-bf0ce7b92f7b,clxv.storage,available,,,medium,low,4,,,,
a2973145-90c1-4601-aafd-582094e677d6,squawk.storage,available,799,949.99,high,low,6,name.com,,,23/09/2026 00:25
7ae50809-3f17-41c9-abab-abc24cbf630b,amuck.storage,available,509.99,529.99,medium,low,5,namesilo,,,
8d0f2701-d151-4aae-b242-266a6eca4f85,agricola.storage,available,538.98,858,high,low,8,namecheap,,,17/09/2026 19:19
f1350f9d-e445-4e58-9cdd-6b40f69b53ce,slanting.storage,available,509.99,529.99,medium,low,8,namesilo,,,07/08/2026 04:20
087bfbc6-de3a-474f-b293-d40effe7e731,identical.storage,available,538.98,858,high,low,9,namecheap,,,25/09/2026 07:23
8e4b14a0-b54e-4ae5-a658-353832d9a8e5,whacking.storage,available,509.99,529.99,medium,low,8,namesilo,,,13/09/2026 11:09
b96b225a-9722-484e-a7ae-8510d8188e4d,colourise.storage,available,509.99,529.99,medium,low,9,namesilo,,,12/08/2026 17:38
1030419b-4e6d-43f8-b180-a73cd70e4742,fitly.storage,available,509.99,529.99,medium,low,5,namesilo,,,13/09/2026 20:33
010585de-3948-4ed9-b671-26b4b01f9c3a,nimbly.storage,available,538.98,858,medium,low,6,namecheap,,,13/09/2026 18:18
407b9a04-e767-427e-81dc-6fab14aafcdd,mods.storage,available,799,,high,low,4,name.com,,,
5ace9322-d65a-4929-9bcc-fd329b610b23,noise.storage,available,509.99,529.99,high,low,5,namesilo,,,
2fd0eaeb-cfef-4a56-b0d6-53ec9641a135,michael.storage,available,509.99,529.99,high,medium,7,namesilo,,,25/09/2026 09:21
23b69a2d-14c2-4e4e-831e-cbda2a81c9af,bismark.storage,available,509.99,529.99,medium,low,7,namesilo,,,23/09/2026 09:37
d9d6104c-a3fe-44da-82de-525f03d88675,melodic.storage,available,509.99,529.99,high,low,7,namesilo,,,24/08/2026 19:41
a4aef326-4337-42d6-b872-d84cc75d92b6,critique.storage,available,799,,high,low,8,name.com,,,
4aaee97f-6243-4166-8be7-e885eb53d269,endovenous.storage,available,509.99,529.99,medium,low,10,namesilo,,,17/08/2026 01:21
b3a76c4c-56bf-494e-9f9c-c93adccb6cc1,sprightly.storage,available,509.99,529.99,medium,low,9,namesilo,,,10/09/2026 16:49
55b20032-469c-4e53-83fc-048d6b73c987,grease.storage,available,538.98,858,high,low,6,namecheap,,,28/09/2026 14:21
ab6e9015-622f-497b-bbca-f7d02e30d2af,volumetric.storage,available,509.99,529.99,high,low,10,namesilo,,,13/09/2026 07:03
0359df03-bc7d-420d-841c-86b7081c2fe4,cognizance.storage,available,538.98,858,high,low,10,namecheap,,,21/09/2026 09:59
2148aa27-92d3-47a9-8707-828e4a282244,encouraged.storage,available,509.99,529.99,high,low,10,namesilo,,,23/09/2026 10:08
7ec5cdaf-9006-458c-8037-771fe41cdc62,chirping.storage,available,509.99,529.99,high,low,8,namesilo,,,
cdf6fd70-f6d5-45c6-8fa1-44ebfb61797e,lendable.storage,available,509.99,529.99,high,low,8,namesilo,,,22/08/2026 23:35
fe93d83b-b250-469b-8e21-13f759aebe4e,golden.storage,available,509.99,529.99,high,low,6,namesilo,,,18/08/2026 23:35
c118fe0c-d24b-46ff-86b8-1d5a8bf9cb28,muckle.storage,available,509.99,529.99,medium,low,6,namesilo,,,25/08/2026 00:34
16093929-b8c9-494c-8862-96327d35a0f2,backboard.storage,available,509.99,529.99,high,low,9,namesilo,,,21/09/2026 15:09
4348e959-e189-4c43-b08f-a1982bf2faeb,purulent.storage,available,509.99,529.99,high,medium,8,namesilo,,,09/09/2026 06:30
2e9add43-6062-41b2-806a-6173ae0dd091,churl.storage,available,509.99,529.99,medium,low,5,namesilo,,,13/08/2026 05:00
e70b91fc-a057-4dc0-badb-cb454d53e8ba,jaguars.storage,available,538.98,858,medium,low,7,namecheap,,,20/09/2026 09:28
bf783107-7828-46d7-b252-bb960f23da79,fogey.storage,available,509.99,529.99,medium,low,5,namesilo,,,18/08/2026 13:10
19f5471d-de59-4855-ae87-e6f1fa3ea88c,bali.storage,available,509.99,529.99,high,medium,4,namesilo,,,29/09/2026 00:44
2d12d634-a3b6-4ba2-9cf7-1d3bf498378b,machinist.storage,available,509.99,529.99,high,low,9,namesilo,,,19/09/2026 17:14
a29c33ab-f84c-45c8-9446-672c5d60e448,prat.storage,available,509.99,529.99,medium,low,4,namesilo,,,09/08/2026 11:18
8a0113dd-6f73-4f6d-b026-15239c67793d,forlorn.storage,available,509.99,529.99,medium,low,7,namesilo,,,18/08/2026 12:02
b9bcdb70-5aff-44ef-84ff-24c5cbc6ddb1,conscience.storage,available,509.99,529.99,high,low,10,namesilo,,,
fa4ae64c-ff27-4aa7-a92b-70891c76a8db,banneret.storage,available,509.99,529.99,medium,low,8,namesilo,,,22/09/2026 02:54
50701abf-945c-4219-8596-463294fedcea,bigeye.storage,available,509.99,529.99,high,low,6,namesilo,,,23/09/2026 15:04
a454006e-99f7-44e7-b49b-97b539ddd9cc,affect.storage,available,509.99,529.99,high,low,6,namesilo,,,27/09/2026 05:35
71be4923-d714-4d94-97ca-460ed98a2c88,sopranino.storage,available,509.99,529.99,medium,low,9,namesilo,,,10/09/2026 14:22
9e18a413-8644-4ae8-a6f5-c5bc1b85eeac,play.storage,available,509.99,529.99,high,medium,4,namesilo,,,
3f1941c2-bfc7-48aa-a895-19a0aac3e360,proceedings.storage,available,500.2,500.2,medium,low,11,cloudflare,,,28/09/2026 12:34
50988714-014e-4353-b403-fa5818bb2c4d,sunstruck.storage,available,509.99,529.99,medium,low,9,namesilo,,,11/09/2026 02:01
ea5ea5f3-19e7-438d-866e-f3a69fc01ca4,atomism.storage,available,509.99,529.99,medium,low,7,namesilo,,,21/09/2026 00:24
dcdac7a7-38a1-46e4-9ec7-33b28754ed26,cobalt.storage,available,538.98,858,high,low,6,namecheap,,,20/09/2026 22:41
7347ef12-8946-46f0-92f1-33afe6f066d8,nicaean.storage,available,509.99,529.99,medium,low,7,namesilo,,,03/09/2026 16:59
7bab281f-0c41-47a8-a3bb-656ffea9cd6b,copland.storage,available,509.99,529.99,medium,low,7,namesilo,,,16/09/2026 13:32
559674a5-2e18-4a50-94ec-4b2cfa028277,venushair.storage,available,538.98,858,medium,low,9,namecheap,,,17/09/2026 08:07
dbaaeb58-1abd-49db-ac53-24f1b3e561ba,juridic.storage,available,509.99,529.99,medium,low,7,namesilo,,,22/08/2026 14:42
2f008485-8c6c-4441-af44-92d06ef1f078,revealing.storage,available,500.2,500.2,high,low,9,cloudflare,,,27/09/2026 13:41
a33444ed-8b44-4aec-843c-e54620939041,xxix.storage,available,509.99,529.99,medium,low,4,namesilo,,,
684de60f-de4d-431f-a208-3b9a72cc140c,pinked.storage,available,509.99,529.99,medium,low,6,namesilo,,,20/09/2026 15:51
42db7002-ca26-4731-90b3-03a5509e33df,iraqi.storage,available,509.99,529.99,high,low,5,namesilo,,,22/08/2026 09:35
15a64484-771e-499c-92ff-1f286ba34e13,contest.storage,available,509.99,529.99,high,low,7,namesilo,,,
b9c526a0-79c0-4b50-9906-09a6fae17cc0,comstock.storage,available,509.99,529.99,high,low,8,namesilo,,,19/09/2026 13:40
743c1d5d-7adb-416f-85fd-8550984dcbcf,squandered.storage,available,509.99,529.99,medium,low,10,namesilo,,,10/09/2026 17:24
3b414f8d-80f2-4182-a365-ab7bd08adc07,edwin.storage,available,538.98,858,high,low,5,namecheap,,,25/09/2026 05:17
36b7faa7-2231-455d-9e62-f839df08c28e,dishonest.storage,available,509.99,529.99,medium,low,9,namesilo,,,11/08/2026 03:44
db50d271-0c12-41be-86e1-e9c063f93632,slippered.storage,available,509.99,529.99,medium,low,9,namesilo,,,10/09/2026 10:59
98ec83f1-2c37-41a2-bbc8-951cdaa33316,capacious.storage,available,538.98,858,high,low,9,namecheap,,,11/08/2026 17:47
906ff8d8-2b53-494d-9edf-2c2842a588c6,augury.storage,available,509.99,529.99,medium,low,6,namesilo,,,21/09/2026 03:41
7fb967a9-3b79-4aec-b305-7f817bc71e54,resisting.storage,available,535.22,535.22,medium,low,9,dynadot,,,28/09/2026 21:16
f10fd486-b3f7-45a6-89c0-7381fede6cc9,deejay.storage,available,509.99,529.99,high,low,6,namesilo,,,
c1e8ea67-a910-45f1-bd89-eb6880af0c47,superhero.storage,available,799,949.99,high,low,9,name.com,,,16/09/2026 20:24
61332554-cb76-44e3-a8a8-56013a56ad23,while.storage,available,509.99,529.99,high,low,5,namesilo,,,
b4381579-ae1c-4b89-b135-431491d491f2,emmett.storage,available,465.95,500.2,medium,low,6,spaceship,,,28/09/2026 08:01
112eac5b-6eec-4c6d-a217-dcd796f6a996,underclass.storage,available,509.99,529.99,medium,low,10,namesilo,,,12/09/2026 07:22
a706c7ef-a03e-47a5-b806-093c34f3f412,eight.storage,available,509.99,529.99,high,low,5,namesilo,,,21/09/2026 13:20
eaba37c2-fee0-48c6-8b62-a24b15974e2c,constable.storage,available,509.99,529.99,high,low,9,namesilo,,,24/09/2026 17:31
b64a0212-d4f0-47ca-8977-f1ff871eaab7,recherche.storage,available,509.99,529.99,medium,low,9,namesilo,,,09/09/2026 11:27
833e13b8-5f99-4397-b3d4-733e62744d5f,drubbing.storage,available,509.99,529.99,medium,low,8,namesilo,,,13/09/2026 07:58
9dfd68f0-267b-472f-ab5f-5e8b3e9c0688,generate.storage,available,465.95,500.2,high,low,8,spaceship,,,28/09/2026 19:12
66119c6e-7d54-401f-b6b8-6afd35968350,relevant.storage,available,509.99,529.99,high,low,8,namesilo,,,09/09/2026 13:33
8d788739-98f5-4c9b-8dd0-755d9bc41753,hadal.storage,available,538.98,858,medium,low,5,namecheap,,,20/08/2026 21:30
591977e1-dbd5-4fb9-88eb-dddbf0cab410,potato.storage,available,509.99,529.99,high,low,6,namesilo,,,
ffcde37d-729f-45ab-8340-132747f93d59,slowness.storage,available,500.2,500.2,medium,low,8,cloudflare,,,28/09/2026 23:49
22ac02ec-6c44-4666-ae6e-7c4114bc2119,mould.storage,available,799,949.99,medium,low,5,name.com,,,24/09/2026 15:22
fc5f78eb-baa0-4f10-b324-75b0cbc6c1f9,novel.storage,available,509.99,529.99,high,low,5,namesilo,,,03/09/2026 22:19
429d4d0a-c60c-4417-a57e-895ac1b44f7a,entrenched.storage,available,509.99,529.99,medium,low,10,namesilo,,,24/09/2026 14:13
25a80a5f-8515-46ed-8d3f-d4f04d28596d,interrupt.storage,available,799,949.99,high,low,9,name.com,,,13/08/2026 12:38
b64f5fa4-a4e4-4ed5-94c5-236c247ec424,prostitute.storage,available,799,949.99,high,low,10,name.com,,,13/08/2026 14:11
4555a389-ec04-447c-a2b7-83d3f36bcdc8,impostor.storage,available,509.99,529.99,medium,low,8,namesilo,,,09/09/2026 04:59
c2e7f788-0532-43c7-921b-6d1df21ddfce,juridical.storage,available,509.99,529.99,medium,low,9,namesilo,,,22/08/2026 14:40
038d4395-8b92-4096-a9fc-49100be4b5eb,pianissimo.storage,available,538.98,858,high,medium,10,namecheap,,,08/09/2026 19:27
c4e543a8-8123-410d-af18-02741cf691b7,poetry.storage,available,509.99,529.99,high,low,6,namesilo,,,25/09/2026 10:00
e96b16ff-b09d-4493-8225-06c5f7c9b78f,hai.storage,available,465.95,500.2,high,low,3,spaceship,,,27/09/2026 16:50
c06f9dc0-d83b-4bdd-955a-d24b07cf6ac7,movements.storage,available,515.45,515.45,low,low,9,porkbun,,,28/09/2026 12:36
49347f2f-1a44-40f1-a35e-bcf41a551074,correspondent.storage,available,515.45,515.45,medium,low,13,porkbun,,,29/09/2026 03:16
45c8b781-0fc4-416f-b5f0-45dfb21944d8,beeswax.storage,available,509.99,529.99,high,low,7,namesilo,,,23/09/2026 01:48
710e7f1b-047f-44e5-8d6a-47a97451aa75,bezant.storage,available,509.99,529.99,medium,low,6,namesilo,,,23/09/2026 12:11
f8daa60c-7060-4fa9-bef8-4321a77b34c4,wanda.storage,available,465.95,500.2,medium,low,5,spaceship,,,28/09/2026 07:42
e1f2f8e2-bfc4-4fc2-927c-00da5218608e,ice.storage,available,509.99,529.99,high,medium,3,namesilo,,,19/09/2026 17:13
d92bd7ee-c233-4e5e-ae0d-63c8a9e56897,catastrophic.storage,available,509.99,529.99,medium,low,12,namesilo,,,29/09/2026 03:09
a0bbb8e9-7640-4d8b-9547-868e24eb483f,anselm.storage,available,509.99,529.99,medium,low,6,namesilo,,,19/09/2026 12:02
552e5907-e766-4260-b62c-04a75ee7fca8,emporium.storage,available,538.98,858,high,low,8,namecheap,,,29/09/2026 02:36
67673c42-6ae7-4b78-9936-8f20181295cc,bade.storage,available,509.99,529.99,high,low,4,namesilo,,,21/09/2026 17:00
ae265b99-384f-45c0-a0fd-9640be394478,permanently.storage,available,465.95,500.2,medium,low,11,spaceship,,,28/09/2026 07:19
29824b81-d6d2-4307-9b16-3f7f7246fb53,alienor.storage,available,509.99,529.99,medium,low,7,namesilo,,,18/09/2026 07:41
f357a48f-2f5d-4df3-ac85-102acb39fcc9,australasian.storage,available,538.98,858,medium,low,12,namecheap,,,29/09/2026 03:04
642a4390-d480-44c8-8682-b3a735db678d,mazda.storage,available,509.99,529.99,high,low,5,namesilo,,,28/09/2026 16:04
fd689417-ca40-4232-a815-843428948c60,apogamy.storage,available,538.98,858,medium,low,7,namecheap,,,19/09/2026 18:27
e3459784-2616-405c-84f4-1256898a5428,vexed.storage,available,509.99,529.99,medium,low,5,namesilo,,,21/08/2026 00:15
d8fbfa19-2509-4674-bc29-385e06d0b9d5,sands.storage,available,509.99,529.99,high,low,5,namesilo,,,24/08/2026 07:38
c8154c71-6692-42f6-ad38-71da43e8c6e9,dealing.storage,available,509.99,529.99,high,low,7,namesilo,,,25/09/2026 04:50
38c035c4-4af5-4325-a2be-c1a32f5e805f,precooked.storage,available,509.99,529.99,high,medium,9,namesilo,,,09/09/2026 01:17
f76ded88-c38c-4047-b16d-0b8a5123d667,bagful.storage,available,538.98,858,medium,low,6,namecheap,,,21/09/2026 17:57
a84a1385-0fdc-46d7-9c5d-82d790620a35,sickish.storage,available,509.99,529.99,low,low,7,namesilo,,,03/09/2026 14:05
88e0bf48-63bf-45cd-87e2-8240c9265c18,gentle.storage,available,509.99,529.99,high,low,6,namesilo,,,06/08/2026 19:29
2ceaaddc-2455-496b-9dda-b4b0dfa95853,metz.storage,available,538.98,858,high,low,4,namecheap,,,27/09/2026 07:39
e0d56b0a-c0a0-408a-87f4-0534b2ea213f,unshadowed.storage,available,538.98,858,low,low,10,namecheap,,,12/09/2026 19:29
05d0f379-b612-416a-bd8c-9c56e354a3a7,stops.storage,available,799,,high,low,5,name.com,,,
35410889-583a-463e-8c4c-e68e9bd06767,daft.storage,available,509.99,529.99,high,low,4,namesilo,,,06/08/2026 20:50
486dd8f6-666b-4b92-b7f0-4f79fdc52d3a,antonius.storage,available,538.98,858,medium,low,8,namecheap,,,19/09/2026 13:34
ac938e1f-a40b-4074-90f9-5dc9a2a7d6eb,fab.storage,available,538.98,858,high,low,3,namecheap,,,17/08/2026 20:08
ceb46e6e-763b-41be-85fc-da0e831fe594,teeny.storage,available,509.99,529.99,high,low,5,namesilo,,,10/08/2026 08:12
6c5f4449-2585-4788-bf44-1984fbd74c3b,pension.storage,available,509.99,529.99,high,low,7,namesilo,,,28/09/2026 10:42
2a9fb232-2976-4a8e-9c35-6c1b2202b01e,unsettled.storage,available,538.98,858,medium,low,9,namecheap,,,12/09/2026 19:22
6019a0a4-5e09-4c74-a33e-ebe6f9a5593d,freely.storage,available,509.99,529.99,high,low,6,namesilo,,,28/09/2026 14:56
e9909d2d-40f3-45bd-9984-4ebaee597ee0,unsugared.storage,available,509.99,529.99,low,low,9,namesilo,,,12/09/2026 20:48
3e3e92ea-5ac8-4101-a8ee-d25b995c3e92,umber.storage,available,509.99,529.99,high,low,5,namesilo,,,11/09/2026 22:59
9a9ca6e0-e8ac-450e-9968-05250aedcea4,nonlinear.storage,available,509.99,529.99,medium,low,9,namesilo,,,03/09/2026 19:44
feaf6944-d6bc-4a21-a094-dba9079314f9,dalliance.storage,available,509.99,529.99,medium,low,9,namesilo,,,11/09/2026 19:38
8b058775-a366-423f-9525-c9b46d195c4c,abducent.storage,available,509.99,529.99,medium,low,8,namesilo,,,
191c606d-9ef6-425b-af98-8a0982793896,incurably.storage,available,509.99,529.99,medium,low,9,namesilo,,,15/09/2026 07:45
0326df6f-fe08-4c5d-b36a-92820f34532a,gaslit.storage,available,509.99,529.99,medium,low,6,namesilo,,,17/09/2026 16:25
e1e58899-4dd3-4af4-8bfb-1b2adffecb85,ambit.storage,available,538.98,858,high,low,5,namecheap,,,18/09/2026 16:51
5c257ba1-d2b2-4b28-bebc-a724144b6fc5,gamba.storage,available,509.99,529.99,medium,low,5,namesilo,,,22/09/2026 11:54
e17eedc3-0350-43d2-a4f3-c755230624c0,ceric.storage,available,509.99,529.99,medium,low,5,namesilo,,,12/08/2026 00:39
fa8ce6bc-a4fd-4f15-97e2-28de4095eb1f,shipment.storage,available,509.99,529.99,high,low,8,namesilo,,,24/09/2026 12:59
92b1e206-45ff-47af-8ede-de5cba9cb0a7,andesite.storage,available,509.99,529.99,medium,low,8,namesilo,,,19/09/2026 04:04
b723a59e-e4bc-413f-8194-38c5c70743fb,untrod.storage,available,509.99,529.99,medium,low,6,namesilo,,,08/09/2026 10:33
08fce9c2-2617-45aa-9ecb-8db3150698e2,avicennia.storage,available,538.98,858,medium,low,9,namecheap,,,21/09/2026 09:24
6e3cba57-88c3-4a00-adc9-516d86017891,highway.storage,available,509.99,529.99,high,low,7,namesilo,,,
050af699-9b71-49c8-965a-dee34b5eadf3,applications.storage,available,509.99,529.99,medium,low,12,namesilo,,,28/09/2026 23:10
52c59bf8-9947-4aa6-9176-1ac7a8643d89,pike.storage,available,509.99,529.99,high,low,4,namesilo,,,28/09/2026 14:07
895104a4-8dad-4247-8905-a528e2dac86e,postural.storage,available,509.99,529.99,medium,low,8,namesilo,,,09/09/2026 00:40
d23dedc5-5de7-40b8-a60b-66fa537f765a,mirish.storage,available,538.98,858,medium,low,6,namecheap,,,16/09/2026 16:36
214070e3-7578-404b-a1c9-b13d0fab53de,adherent.storage,available,509.99,529.99,high,low,8,namesilo,,,
1cbbd53f-72d4-4f58-b005-8e9f64c46499,canny.storage,available,509.99,529.99,medium,low,5,namesilo,,,11/08/2026 13:23
89ceca27-bae7-4783-ba82-a46a0d0d5784,mutative.storage,available,509.99,529.99,medium,low,8,namesilo,,,03/09/2026 11:48
db7925b8-9c8d-4145-8687-1975faf4abd2,hittite.storage,available,509.99,529.99,medium,low,7,namesilo,,,21/08/2026 10:00
19ba61b5-c622-4291-90c8-7a9274db292e,purr.storage,available,538.98,858,high,low,4,namecheap,,,23/09/2026 20:53
b39acad1-4822-4bf7-9d9a-1306b260d5cf,multilane.storage,available,509.99,529.99,medium,low,9,namesilo,,,03/09/2026 10:43
859011e4-b6e7-45ae-9b5f-6eb024d7e164,pinned.storage,available,465.95,500.2,medium,low,6,spaceship,,,28/09/2026 05:02
e6bfd7e6-e675-4a1a-9d14-b1629a79ba3d,vantage.storage,available,509.99,529.99,high,medium,7,namesilo,,,17/09/2026 10:29
de60c750-6979-4ce9-b066-1f0952ddf191,kitty.storage,available,509.99,529.99,high,low,5,namesilo,,,25/09/2026 23:15
62171497-fafc-459e-bce0-b82d292e6ce2,dissembler.storage,available,538.98,858,medium,low,10,namecheap,,,08/09/2026 19:10
d02dbde0-d4e5-461e-bb22-658c7099db1c,coy.storage,available,509.99,529.99,high,low,3,namesilo,,,24/09/2026 01:10
8251d1dc-6780-4464-9e4f-edc70cd2582c,bernoulli.storage,available,509.99,529.99,medium,low,9,namesilo,,,23/09/2026 09:57
518a7dfb-0409-4968-a757-778f86fed640,absolutism.storage,available,538.98,858,medium,low,10,namecheap,,,16/09/2026 18:00
cdc6ddf1-883f-410f-9a71-3ef917417728,carnival.storage,available,509.99,529.99,high,low,8,namesilo,,,24/09/2026 16:10
6bff8234-7f68-435e-93dd-54a3e794348b,pyrogen.storage,available,509.99,529.99,medium,low,7,namesilo,,,09/09/2026 07:01
99f06891-97c9-4ad6-9370-f7a7caf55e21,merciful.storage,available,509.99,529.99,high,low,8,namesilo,,,24/08/2026 20:34
4f20bbfd-4f24-4529-a7b3-cf6515cc4ae5,alacrity.storage,available,538.98,858,high,low,8,namecheap,,,18/09/2026 01:37
2bd45658-1758-4d09-b1dd-e4d97d0fe32f,palatine.storage,available,509.99,529.99,medium,low,8,namesilo,,,04/09/2026 23:20
1a66be78-1e1d-4591-b0ca-b5f53376adca,spiders.storage,available,509.99,529.99,medium,low,7,namesilo,,,16/09/2026 05:32
b59f075d-4fc7-40d7-a123-f9064bfa8716,fall.storage,available,465.95,500.2,high,low,4,spaceship,,,28/09/2026 09:35
18c75dcb-05a8-4969-96dc-477061e8142b,debile.storage,available,799,949.99,medium,low,6,name.com,,,13/08/2026 20:28
c2114077-f4df-4dcd-9018-8f36e1173c55,abjurer.storage,available,538.98,858,medium,low,7,namecheap,,,16/09/2026 16:02
43af87eb-61d0-4f9b-9ccd-0904397b5092,shooting.storage,available,465.95,500.2,high,low,8,spaceship,,,27/09/2026 21:17
a633db0f-2bad-4cd6-9a63-242555ca48c5,gloam.storage,available,509.99,529.99,medium,low,5,namesilo,,,11/09/2026 21:43
4c35bf12-c721-49f3-b59c-1bd1d3d69454,bremen.storage,available,538.98,858,high,low,6,namecheap,,,25/09/2026 21:59
67b2aa86-dca0-4942-b0b9-e47391aac52b,exist.storage,available,509.99,529.99,high,low,5,namesilo,,,
925d79f9-38b8-4a9c-8955-08b6907f911d,aptness.storage,available,509.99,529.99,medium,low,7,namesilo,,,19/09/2026 22:03
fd04853d-7295-4fa4-b704-bebd458154f0,cheesecakes.storage,available,509.99,529.99,medium,low,11,namesilo,,,08/09/2026 07:37
0ce04b54-76ba-4a9e-8344-41210b1030f5,fools.storage,available,465.95,500.2,medium,low,5,spaceship,,,27/09/2026 23:44
97c1f499-9513-4aae-9640-13efe4eae231,cottage.storage,available,509.99,529.99,high,low,7,namesilo,,,24/09/2026 11:16
01d07df8-c86d-4129-a6d0-c49b28324df3,teddy.storage,available,509.99,529.99,high,low,5,namesilo,,,24/09/2026 14:16
32342ed5-29a2-4413-a288-7de4f4ce0a22,silvern.storage,available,509.99,529.99,high,medium,7,namesilo,,,10/09/2026 08:13
b04fbebe-a364-48dd-b159-c02b39822bbf,floury.storage,available,509.99,529.99,medium,low,6,namesilo,,,18/08/2026 09:00
3e08d058-3824-4277-b8f3-781b6405034e,settling.storage,available,465.95,500.2,medium,low,8,spaceship,,,28/09/2026 20:24
6c11286e-4dfd-49b6-9575-5a8edf38a87e,arbitrator.storage,available,509.99,529.99,medium,low,10,namesilo,,,20/09/2026 00:44
6b808140-7805-47dc-8627-800daba1b2e0,puku.storage,available,509.99,529.99,medium,low,4,namesilo,,,17/09/2026 07:35
f48b0a78-714b-4805-959c-454b6cca573f,rudimentary.storage,available,509.99,529.99,high,low,11,namesilo,,,
bde430b6-b233-4b5a-9110-52fcab2d249b,bullets.storage,available,538.98,858,high,low,7,namecheap,,,25/09/2026 19:55
26856da3-aedc-4572-b2ad-0be82ec18e64,zanzibar.storage,available,509.99,529.99,high,low,8,namesilo,,,
745075ca-ace8-4307-bcf0-991382a803ed,airedale.storage,available,509.99,529.99,medium,low,8,namesilo,,,17/09/2026 23:08
ee07ef4c-cf49-40f2-b4e4-f45d09f11bdb,bacchus.storage,available,509.99,529.99,high,low,7,namesilo,,,21/09/2026 14:02
85283bd4-169e-4b12-b4bc-c6c000416457,shyly.storage,available,509.99,529.99,medium,low,5,namesilo,,,13/09/2026 23:37
5c68b795-20d9-4931-bc76-c25786ed3dd4,lawfully.storage,available,799,949.99,medium,low,8,name.com,,,13/08/2026 19:09
e79a1a9e-367d-425e-80ce-e38b2b4306be,nico.storage,available,465.95,500.2,high,medium,4,spaceship,,,29/09/2026 03:41
429c6ad9-7a61-494e-8f82-2bac2927855d,brandeis.storage,available,509.99,529.99,medium,low,8,namesilo,,,28/09/2026 08:12
66f68c39-6095-49e5-b974-67d224d10cb9,backbiter.storage,available,509.99,529.99,medium,low,9,namesilo,,,21/09/2026 15:08
3fd2a6fb-8ab6-4c71-a99f-e38c7fb9b170,oaken.storage,available,509.99,529.99,medium,low,5,namesilo,,,03/09/2026 23:26
aa1de626-973e-4bf7-bcac-92a6c83353e3,nucleated.storage,available,509.99,529.99,medium,low,9,namesilo,,,03/09/2026 22:22
0fd34a68-3ff9-4442-b9ad-90bd3e25f011,savagely.storage,available,509.99,529.99,medium,low,8,namesilo,,,14/09/2026 01:43
9ccdb2d0-4133-4baa-9f9e-9a500090ad97,fortuitous.storage,available,509.99,529.99,high,low,10,namesilo,,,18/08/2026 12:43
d82e97c8-f7b5-4933-a9ac-0df6ae822b0e,nihilistic.storage,available,509.99,529.99,medium,low,10,namesilo,,,03/09/2026 17:24
4dba481d-2ecc-4c75-b555-0da898919c76,uproarious.storage,available,509.99,529.99,medium,low,10,namesilo,,,21/08/2026 09:23
69ad171e-7833-4595-9ba8-9edc3d31cc53,rockville.storage,available,509.99,529.99,medium,low,9,namesilo,,,28/09/2026 16:09
90103b88-b5d9-4978-ba51-e064db4b93dc,batna.storage,available,509.99,529.99,medium,low,5,namesilo,,,22/09/2026 14:06
36707d5f-3ce3-4c76-b473-6cf18f33c787,blackfly.storage,available,509.99,529.99,medium,low,8,namesilo,,,19/09/2026 17:06
7f68313a-9fdb-4ce9-ac1b-cb7cb95c9ac8,petite.storage,available,509.99,529.99,medium,low,6,namesilo,,,08/08/2026 14:24
7f898ec2-7334-4bba-9878-da639612a30f,ashur.storage,available,538.98,858,medium,low,5,namecheap,,,20/09/2026 13:50
1921bcc1-b53e-4de0-9fe9-e27b4c909d5b,businesslike.storage,available,515.45,515.45,high,low,12,porkbun,,,29/09/2026 02:32
6861865d-bc7e-43c4-8bf8-01174002c8df,manifold.storage,available,509.99,529.99,high,low,8,namesilo,,,24/08/2026 15:07
4d146fee-9142-40d9-a0dc-3aaeff982ae5,deftly.storage,available,509.99,529.99,medium,low,6,namesilo,,,14/09/2026 11:20
f5fb03b9-42c8-46c9-811e-41c76472e732,antum.storage,available,509.99,529.99,medium,low,5,namesilo,,,19/09/2026 15:47
4a47bbb2-6512-4a2f-bd20-4e2c83f3d963,dumped.storage,available,509.99,529.99,low,low,6,namesilo,,,27/09/2026 03:17
ff99882c-c1b6-41df-8db9-aad616aa6d1b,montpellier.storage,available,465.95,500.2,medium,low,11,spaceship,,,28/09/2026 21:53
30dc2f2d-c16e-42e3-b770-569486892d79,secondly.storage,available,465.95,500.2,medium,low,8,spaceship,,,27/09/2026 19:26
701a3e89-a4cf-4696-bd19-9d6e150ef943,blew.storage,available,509.99,529.99,high,low,4,namesilo,,,25/09/2026 11:11
ac40eef6-42fd-4b80-b7c8-4384b910b91c,door.storage,available,509.99,529.99,high,low,4,namesilo,,,19/09/2026 10:21
067753b8-d2f8-4dfe-a900-7155c879270f,horse.storage,available,509.99,529.99,high,low,5,namesilo,,,24/09/2026 13:18
271b25d3-44c1-48f5-ba9d-56c4658cc5c1,judging.storage,available,465.95,500.2,high,low,7,spaceship,,,27/09/2026 14:29
6dbb9f8b-bf6b-4e5a-9430-057736b4259f,gothic.storage,available,538.98,858,high,low,6,namecheap,,,20/08/2026 17:17
c7217084-39e0-47c5-8644-0654aafdada2,denary.storage,available,538.98,858,medium,low,6,namecheap,,,13/08/2026 21:30
f55a944e-ddfb-457b-aa4f-1e5a6c7492e0,cornered.storage,available,509.99,529.99,medium,low,8,namesilo,,,07/08/2026 11:02
e9f92ffc-16aa-4382-9c12-c5dad9b4d4e2,ana.storage,available,538.98,858,high,low,3,namecheap,,,28/09/2026 21:04
212d9a20-4ad8-4289-aace-df7ac807bec0,orbitual.storage,available,509.99,529.99,medium,low,8,namesilo,,,04/09/2026 17:39
cbc490eb-ba5f-4792-b273-60f3e344bd3f,nubile.storage,available,509.99,529.99,medium,low,6,namesilo,,,24/08/2026 16:30
f0309046-661b-49a5-896c-f1f58434a6ea,forge.storage,available,509.99,529.99,high,medium,5,namesilo,,,24/09/2026 00:25
b7ecaa2f-1a5e-4d20-8475-32fb340cfe73,actress.storage,available,500.2,500.2,high,low,7,cloudflare,,,28/09/2026 18:10
c2e12d00-1c9c-40b8-aa1e-6d65b5ede9d8,snatch.storage,available,509.99,529.99,high,low,6,namesilo,,,19/09/2026 14:54
50569d71-5648-479a-b9eb-c0de08695cee,slovenly.storage,available,538.98,858,medium,low,8,namecheap,,,18/08/2026 16:55
304e1d1a-e6b8-4a0f-82e2-45c7c263893c,waiter.storage,available,509.99,529.99,high,low,6,namesilo,,,
49076cf2-f2f1-4360-9d2f-aa02d6bda67c,batrachian.storage,available,509.99,529.99,medium,low,10,namesilo,,,05/08/2026 20:53
ca79aa90-595a-45d3-9e3e-836e2682620f,grapes.storage,available,500.2,500.2,high,low,6,cloudflare,,,28/09/2026 12:35
fe9721db-146b-47ff-a9dd-bebc101e96a4,jewell.storage,available,509.99,529.99,medium,low,6,namesilo,,,29/09/2026 04:07
eef720b1-0f7f-4c18-9e7e-007d605ddfa3,blond.storage,available,509.99,529.99,high,low,5,namesilo,,,22/09/2026 22:15
11a8bbdf-69f8-4aeb-945e-a07e0f80d09c,niobium.storage,available,509.99,529.99,medium,low,7,namesilo,,,20/09/2026 23:04
f531d628-b853-4132-b95e-fcd1ff07258e,amenia.storage,available,538.98,858,medium,low,6,namecheap,,,18/09/2026 18:47
e8f1abb4-b42e-4751-8608-b1a0863617d2,laundry.storage,available,509.99,529.99,high,low,7,namesilo,,,
983ce90f-8401-4f3d-9031-1708ff1b4518,stumps.storage,available,509.99,529.99,medium,low,6,namesilo,,,
43aa422d-41f3-4a17-a4ef-d91b07a9f10e,slick.storage,available,509.99,529.99,high,low,5,namesilo,,,24/09/2026 02:25
03bbd4f9-80fd-4a2a-8d54-510554f54db5,acted.storage,available,509.99,529.99,medium,low,5,namesilo,,,27/09/2026 02:34
5110d24e-1edf-4313-8905-e3400c8fd3ea,topnotch.storage,available,509.99,529.99,high,low,8,namesilo,,,
46bd2919-6120-4261-ba7f-d8251ee40fec,smuggling.storage,available,509.99,529.99,medium,low,9,namesilo,,,28/09/2026 15:22